,localityNo,year,cleanerFish,comment,count,countCategory,countEstimated,countType,county,countyCode,createdDate,date,description,globalId,lastEditedDate,localityCapacity,localityName,municipalityNumber,objectId,parentId,recaptureDescription,recaptureStarted,recapturesCompleted,size,sizeEstimated,species,status,statusLocality,waterEnvironment,waterEnvironmentCode,week
0,30096,2022,,,,,,,,,,,,,,,,,,,,,,,,,,,,,
1,12765,2022,,,,,,,,,,,,,,,,,,,,,,,,,,,,,
2,10665,2022,,,,,,,,,,,,,,,,,,,,,,,,,,,,,
3,13823,2022,,,,,,,,,,,,,,,,,,,,,,,,,,,,,
4,33437,2022,,,,,,,,,,,,,,,,,,,,,,,,,,,,,
5,30196,2022,,,,,,,,,,,,,,,,,,,,,,,,,,,,,
6,11934,2022,,,,,,,,,,,,,,,,,,,,,,,,,,,,,
7,35297,2022,,,,,,,,,,,,,,,,,,,,,,,,,,,,,
8,12084,2022,,,,,,,,,,,,,,,,,,,,,,,,,,,,,
9,30977,2022,,,,,,,,,,,,,,,,,,,,,,,,,,,,,
10,15196,2022,,,,,,,,,,,,,,,,,,,,,,,,,,,,,
11,10331,2022,,,,,,,,,,,,,,,,,,,,,,,,,,,,,
12,12067,2022,,,,,,,,,,,,,,,,,,,,,,,,,,,,,
13,12982,2022,,,,,,,,,,,,,,,,,,,,,,,,,,,,,
14,10298,2022,,,,,,,,,,,,,,,,,,,,,,,,,,,,,
15,11756,2022,,,,,,,,,,,,,,,,,,,,,,,,,,,,,
16,45078,2022,,,,,,,,,,,,,,,,,,,,,,,,,,,,,
17,13271,2022,,,,,,,,,,,,,,,,,,,,,,,,,,,,,
18,12086,2022,,,,,,,,,,,,,,,,,,,,,,,,,,,,,
19,11416,2022,,,,,,,,,,,,,,,,,,,,,,,,,,,,,
20,13227,2022,,,,,,,,,,,,,,,,,,,,,,,,,,,,,
21,11179,2022,,,,,,,,,,,,,,,,,,,,,,,,,,,,,
22,11176,2022,,,,,,,,,,,,,,,,,,,,,,,,,,,,,
23,11176,2022,,,,,,,,,,,,,,,,,,,,,,,,,,,,,
24,21376,2022,,,,,,,,,,,,,,,,,,,,,,,,,,,,,
25,11579,2022,,,,,,,,,,,,,,,,,,,,,,,,,,,,,
26,10319,2022,,,,,,,,,,,,,,,,,,,,,,,,,,,,,
27,26375,2022,,,,,,,,,,,,,,,,,,,,,,,,,,,,,
28,11330,2022,,,,,,,,,,,,,,,,,,,,,,,,,,,,,
29,11513,2022,,,,,,,,,,,,,,,,,,,,,,,,,,,,,
30,13108,2022,,,,,,,,,,,,,,,,,,,,,,,,,,,,,
31,38037,2022,,,,,,,,,,,,,,,,,,,,,,,,,,,,,
32,33457,2022,,,,,,,,,,,,,,,,,,,,,,,,,,,,,
33,11339,2022,,,,,,,,,,,,,,,,,,,,,,,,,,,,,
34,32277,2022,,,,,,,,,,,,,,,,,,,,,,,,,,,,,
35,32297,2022,,,,,,,,,,,,,,,,,,,,,,,,,,,,,
36,33257,2022,,,,,,,,,,,,,,,,,,,,,,,,,,,,,
37,30156,2022,,,,,,,,,,,,,,,,,,,,,,,,,,,,,
38,13563,2022,,,,,,,,,,,,,,,,,,,,,,,,,,,,,
39,13518,2022,,,,,,,,,,,,,,,,,,,,,,,,,,,,,
40,32017,2022,,,,,,,,,,,,,,,,,,,,,,,,,,,,,
41,11793,2022,,,,,,,,,,,,,,,,,,,,,,,,,,,,,
42,12123,2022,,,,,,,,,,,,,,,,,,,,,,,,,,,,,
43,29816,2022,,,,,,,,,,,,,,,,,,,,,,,,,,,,,
44,29416,2022,,,,,,,,,,,,,,,,,,,,,,,,,,,,,
45,12085,2022,,,,,,,,,,,,,,,,,,,,,,,,,,,,,
46,11364,2022,,,,,,,,,,,,,,,,,,,,,,,,,,,,,
47,45033,2022,,,,,,,,,,,,,,,,,,,,,,,,,,,,,
48,12219,2022,,,,,,,,,,,,,,,,,,,,,,,,,,,,,
49,12173,2022,,,,,,,,,,,,,,,,,,,,,,,,,,,,,
50,24695,2022,,,,,,,,,,,,,,,,,,,,,,,,,,,,,
51,11119,2022,,,,,,,,,,,,,,,,,,,,,,,,,,,,,
52,10735,2022,,,,,,,,,,,,,,,,,,,,,,,,,,,,,
53,35797,2022,,,,,,,,,,,,,,,,,,,,,,,,,,,,,
54,39457,2022,,,,,,,,,,,,,,,,,,,,,,,,,,,,,
55,13775,2022,,,,,,,,,,,,,,,,,,,,,,,,,,,,,
56,11216,2022,,,,,,,,,,,,,,,,,,,,,,,,,,,,,
57,10406,2022,,,,,,,,,,,,,,,,,,,,,,,,,,,,,
58,23815,2022,,,,,,,,,,,,,,,,,,,,,,,,,,,,,
59,11942,2022,,,,,,,,,,,,,,,,,,,,,,,,,,,,,
60,11938,2022,,,,,,,,,,,,,,,,,,,,,,,,,,,,,
61,10960,2022,,,,,,,,,,,,,,,,,,,,,,,,,,,,,
62,12668,2022,,,,,,,,,,,,,,,,,,,,,,,,,,,,,
63,20496,2022,,,,,,,,,,,,,,,,,,,,,,,,,,,,,
64,11967,2022,,,,,,,,,,,,,,,,,,,,,,,,,,,,,
65,14016,2022,,,,,,,,,,,,,,,,,,,,,,,,,,,,,
66,13254,2022,,,,,,,,,,,,,,,,,,,,,,,,,,,,,
67,32077,2022,,,,,,,,,,,,,,,,,,,,,,,,,,,,,
68,45087,2022,,,,,,,,,,,,,,,,,,,,,,,,,,,,,
69,12988,2022,,,,,,,,,,,,,,,,,,,,,,,,,,,,,
70,10870,2022,,,,,,,,,,,,,,,,,,,,,,,,,,,,,
71,10221,2022,,,,,,,,,,,,,,,,,,,,,,,,,,,,,
72,12357,2022,,,,,,,,,,,,,,,,,,,,,,,,,,,,,
73,10275,2022,,,,,,,,,,,,,,,,,,,,,,,,,,,,,
74,11800,2022,,,,,,,,,,,,,,,,,,,,,,,,,,,,,
75,45131,2022,,,,,,,,,,,,,,,,,,,,,,,,,,,,,
76,11800,2022,,,,,,,,,,,,,,,,,,,,,,,,,,,,,
77,11564,2022,,,,,,,,,,,,,,,,,,,,,,,,,,,,,
78,26795,2022,,,,,,,,,,,,,,,,,,,,,,,,,,,,,
79,13572,2022,,,,,,,,,,,,,,,,,,,,,,,,,,,,,
80,12730,2022,,,,,,,,,,,,,,,,,,,,,,,,,,,,,
81,29016,2022,,,,,,,,,,,,,,,,,,,,,,,,,,,,,
82,45017,2022,False,,,1-10,1-10,estimert (MinSide) #,TROMS OG FINNMARK,54.0,2022-07-03T00:48:49+02:00,2022-05-27T08:20:00+02:00,"Stavtau er slitt vekk fra not, notlin revnet",{265A971D-1A33-4808-A695-8A2EE9D5FD3F},2022-07-03T00:48:49+02:00,8505.0,Bakfjorden,5434.0,88338.0,2583.0,Gjenfangstgarn,True,0.0,3.858,3.858,Laks,Del 1,KLARERT,SALTVANN,Salt,21.0
83,13341,2022,,,,,,,,,,,,,,,,,,,,,,,,,,,,,
84,19395,2022,,,,,,,,,,,,,,,,,,,,,,,,,,,,,
85,10283,2022,,,,,,,,,,,,,,,,,,,,,,,,,,,,,
86,12549,2022,,,,,,,,,,,,,,,,,,,,,,,,,,,,,
87,32537,2022,,,,,,,,,,,,,,,,,,,,,,,,,,,,,
88,13305,2022,,,,,,,,,,,,,,,,,,,,,,,,,,,,,
89,13843,2022,,,,,,,,,,,,,,,,,,,,,,,,,,,,,
90,13873,2022,,,,,,,,,,,,,,,,,,,,,,,,,,,,,
91,11749,2022,,,,,,,,,,,,,,,,,,,,,,,,,,,,,
92,31877,2022,,,,,,,,,,,,,,,,,,,,,,,,,,,,,
93,10183,2022,,,,,,,,,,,,,,,,,,,,,,,,,,,,,
94,39117,2022,,,,,,,,,,,,,,,,,,,,,,,,,,,,,
95,10862,2022,,,,,,,,,,,,,,,,,,,,,,,,,,,,,
96,18235,2022,,,,,,,,,,,,,,,,,,,,,,,,,,,,,
97,12255,2022,,,,,,,,,,,,,,,,,,,,,,,,,,,,,
98,12517,2022,,,,,,,,,,,,,,,,,,,,,,,,,,,,,
99,13845,2022,,,,,,,,,,,,,,,,,,,,,,,,,,,,,
100,12516,2022,,,,,,,,,,,,,,,,,,,,,,,,,,,,,
101,25055,2022,,,,,,,,,,,,,,,,,,,,,,,,,,,,,
102,27656,2022,,,,,,,,,,,,,,,,,,,,,,,,,,,,,
103,13964,2022,,,,,,,,,,,,,,,,,,,,,,,,,,,,,
104,27556,2022,,,,,,,,,,,,,,,,,,,,,,,,,,,,,
105,12095,2022,,,,,,,,,,,,,,,,,,,,,,,,,,,,,
106,45049,2022,,,,,,,,,,,,,,,,,,,,,,,,,,,,,
107,27295,2022,,,,,,,,,,,,,,,,,,,,,,,,,,,,,
108,10812,2022,,,,,,,,,,,,,,,,,,,,,,,,,,,,,
109,20396,2022,,,,,,,,,,,,,,,,,,,,,,,,,,,,,
110,30397,2022,,,,,,,,,,,,,,,,,,,,,,,,,,,,,
111,13872,2022,,,,,,,,,,,,,,,,,,,,,,,,,,,,,
112,11241,2022,,,,,,,,,,,,,,,,,,,,,,,,,,,,,
113,10146,2022,,,,,,,,,,,,,,,,,,,,,,,,,,,,,
114,12596,2022,,,,,,,,,,,,,,,,,,,,,,,,,,,,,
115,12598,2022,,,,,,,,,,,,,,,,,,,,,,,,,,,,,
116,10510,2022,,,,,,,,,,,,,,,,,,,,,,,,,,,,,
117,11930,2022,,,,,,,,,,,,,,,,,,,,,,,,,,,,,
118,12172,2022,,,,,,,,,,,,,,,,,,,,,,,,,,,,,
119,12178,2022,,,,,,,,,,,,,,,,,,,,,,,,,,,,,
120,32177,2022,,,,,,,,,,,,,,,,,,,,,,,,,,,,,
121,31738,2022,,,,,,,,,,,,,,,,,,,,,,,,,,,,,
122,12625,2022,,,,,,,,,,,,,,,,,,,,,,,,,,,,,
123,13174,2022,,,,,,,,,,,,,,,,,,,,,,,,,,,,,
124,31317,2022,,,,,,,,,,,,,,,,,,,,,,,,,,,,,
125,12507,2022,,,,,,,,,,,,,,,,,,,,,,,,,,,,,
126,22455,2022,,,,,,,,,,,,,,,,,,,,,,,,,,,,,
127,12308,2022,,,,,,,,,,,,,,,,,,,,,,,,,,,,,
128,10633,2022,,,,,,,,,,,,,,,,,,,,,,,,,,,,,
129,23436,2022,,,,,,,,,,,,,,,,,,,,,,,,,,,,,
130,34997,2022,,,,,,,,,,,,,,,,,,,,,,,,,,,,,
131,25975,2022,,,,,,,,,,,,,,,,,,,,,,,,,,,,,
132,13185,2022,,,,,,,,,,,,,,,,,,,,,,,,,,,,,
133,11340,2022,,,,,,,,,,,,,,,,,,,,,,,,,,,,,
134,11274,2022,,,,,,,,,,,,,,,,,,,,,,,,,,,,,
135,32957,2022,,,,,,,,,,,,,,,,,,,,,,,,,,,,,
136,13653,2022,,,,,,,,,,,,,,,,,,,,,,,,,,,,,
137,29458,2022,,,,,,,,,,,,,,,,,,,,,,,,,,,,,
138,19255,2022,,,,,,,,,,,,,,,,,,,,,,,,,,,,,
139,45072,2022,,,,,,,,,,,,,,,,,,,,,,,,,,,,,
140,12485,2022,,,,,,,,,,,,,,,,,,,,,,,,,,,,,
141,11408,2022,,,,,,,,,,,,,,,,,,,,,,,,,,,,,
142,10964,2022,,,,,,,,,,,,,,,,,,,,,,,,,,,,,
143,12156,2022,,,,,,,,,,,,,,,,,,,,,,,,,,,,,
144,31857,2022,,,,,,,,,,,,,,,,,,,,,,,,,,,,,
145,12448,2022,,,,,,,,,,,,,,,,,,,,,,,,,,,,,
146,24915,2022,,,,,,,,,,,,,,,,,,,,,,,,,,,,,
147,11399,2022,,,,,,,,,,,,,,,,,,,,,,,,,,,,,
148,10212,2022,,,,,,,,,,,,,,,,,,,,,,,,,,,,,
149,10503,2022,,,,,,,,,,,,,,,,,,,,,,,,,,,,,
150,12252,2022,,,,,,,,,,,,,,,,,,,,,,,,,,,,,
151,13209,2022,,,,,,,,,,,,,,,,,,,,,,,,,,,,,
152,13284,2022,,,,,,,,,,,,,,,,,,,,,,,,,,,,,
153,12550,2022,,,,,,,,,,,,,,,,,,,,,,,,,,,,,
154,13143,2022,,,,,,,,,,,,,,,,,,,,,,,,,,,,,
155,10256,2022,,,,,,,,,,,,,,,,,,,,,,,,,,,,,
156,11248,2022,,,,,,,,,,,,,,,,,,,,,,,,,,,,,
157,11754,2022,,,,,,,,,,,,,,,,,,,,,,,,,,,,,
158,37237,2022,,,,,,,,,,,,,,,,,,,,,,,,,,,,,
159,15796,2022,,,,,,,,,,,,,,,,,,,,,,,,,,,,,
160,20876,2022,,,,,,,,,,,,,,,,,,,,,,,,,,,,,
161,11230,2022,False,,16,10-100,10-100,endelig #,NORDLAND,18.0,2022-07-03T00:48:49+02:00,2022-01-17T01:00:00+01:00,Ukjent årsak,{584A5E87-9B1F-41B7-9360-697F90179AC4},2022-07-03T00:49:43+02:00,1200.0,BØRØYA SLAKTEMERD,1866.0,88332.0,2558.0,- Ihht. gjenfangsplan,True,1.0,3.8,3.0,Laks,Del 2,KLARERT,SALTVANN,Salt,3.0
162,13666,2022,,,,,,,,,,,,,,,,,,,,,,,,,,,,,
163,13666,2022,,,,,,,,,,,,,,,,,,,,,,,,,,,,,
164,36417,2022,,,,,,,,,,,,,,,,,,,,,,,,,,,,,
165,10220,2022,,,,,,,,,,,,,,,,,,,,,,,,,,,,,
166,13152,2022,,,,,,,,,,,,,,,,,,,,,,,,,,,,,
167,37657,2022,,,,,,,,,,,,,,,,,,,,,,,,,,,,,
168,36157,2022,,,,,,,,,,,,,,,,,,,,,,,,,,,,,
169,13747,2022,,,,,,,,,,,,,,,,,,,,,,,,,,,,,
170,13149,2022,,,,,,,,,,,,,,,,,,,,,,,,,,,,,
171,12040,2022,,,,,,,,,,,,,,,,,,,,,,,,,,,,,
172,34897,2022,,,,,,,,,,,,,,,,,,,,,,,,,,,,,
173,11488,2022,,,,,,,,,,,,,,,,,,,,,,,,,,,,,
174,33137,2022,,,,,,,,,,,,,,,,,,,,,,,,,,,,,
175,11015,2022,,,,,,,,,,,,,,,,,,,,,,,,,,,,,
176,13205,2022,,,,,,,,,,,,,,,,,,,,,,,,,,,,,
177,11514,2022,,,,,,,,,,,,,,,,,,,,,,,,,,,,,
178,24836,2022,,,,,,,,,,,,,,,,,,,,,,,,,,,,,
179,27576,2022,,,,,,,,,,,,,,,,,,,,,,,,,,,,,
180,37157,2022,,,,,,,,,,,,,,,,,,,,,,,,,,,,,
181,12594,2022,,,,,,,,,,,,,,,,,,,,,,,,,,,,,
182,12628,2022,,,,,,,,,,,,,,,,,,,,,,,,,,,,,
183,13499,2022,,,,,,,,,,,,,,,,,,,,,,,,,,,,,
184,13765,2022,,,,,,,,,,,,,,,,,,,,,,,,,,,,,
185,13811,2022,,,,,,,,,,,,,,,,,,,,,,,,,,,,,
186,15621,2022,,,,,,,,,,,,,,,,,,,,,,,,,,,,,
187,28336,2022,,,,,,,,,,,,,,,,,,,,,,,,,,,,,
188,13499,2022,,,,,,,,,,,,,,,,,,,,,,,,,,,,,
189,32897,2022,,,,,,,,,,,,,,,,,,,,,,,,,,,,,
190,32897,2022,,,,,,,,,,,,,,,,,,,,,,,,,,,,,
191,13765,2022,,,,,,,,,,,,,,,,,,,,,,,,,,,,,
192,11574,2022,,,,,,,,,,,,,,,,,,,,,,,,,,,,,
193,33237,2022,,,,,,,,,,,,,,,,,,,,,,,,,,,,,
194,36118,2022,,,,,,,,,,,,,,,,,,,,,,,,,,,,,
195,10223,2022,,,,,,,,,,,,,,,,,,,,,,,,,,,,,
196,11180,2022,,,,,,,,,,,,,,,,,,,,,,,,,,,,,
197,10674,2022,,,,,,,,,,,,,,,,,,,,,,,,,,,,,
198,33637,2022,,,,,,,,,,,,,,,,,,,,,,,,,,,,,
199,34197,2022,,,,,,,,,,,,,,,,,,,,,,,,,,,,,
200,37357,2022,,,,,,,,,,,,,,,,,,,,,,,,,,,,,
201,12466,2022,,,,,,,,,,,,,,,,,,,,,,,,,,,,,
202,13491,2022,,,,,,,,,,,,,,,,,,,,,,,,,,,,,
203,29756,2022,,,,,,,,,,,,,,,,,,,,,,,,,,,,,
204,35677,2022,,,,,,,,,,,,,,,,,,,,,,,,,,,,,
205,12547,2022,,,,,,,,,,,,,,,,,,,,,,,,,,,,,
206,12237,2022,,,,,,,,,,,,,,,,,,,,,,,,,,,,,
207,13841,2022,,,,,,,,,,,,,,,,,,,,,,,,,,,,,
208,12544,2022,,,,,,,,,,,,,,,,,,,,,,,,,,,,,
209,11435,2022,,,,,,,,,,,,,,,,,,,,,,,,,,,,,
210,31038,2022,,,,,,,,,,,,,,,,,,,,,,,,,,,,,
211,45134,2022,,,,,,,,,,,,,,,,,,,,,,,,,,,,,
212,11543,2022,,,,,,,,,,,,,,,,,,,,,,,,,,,,,
213,25655,2022,,,,,,,,,,,,,,,,,,,,,,,,,,,,,
214,33537,2022,,,,,,,,,,,,,,,,,,,,,,,,,,,,,
215,11543,2022,,,,,,,,,,,,,,,,,,,,,,,,,,,,,
216,13105,2022,,,,,,,,,,,,,,,,,,,,,,,,,,,,,
217,11721,2022,,,,,,,,,,,,,,,,,,,,,,,,,,,,,
218,27976,2022,,,,,,,,,,,,,,,,,,,,,,,,,,,,,
219,12361,2022,,,,,,,,,,,,,,,,,,,,,,,,,,,,,
220,11087,2022,,,,,,,,,,,,,,,,,,,,,,,,,,,,,
221,10995,2022,,,,,,,,,,,,,,,,,,,,,,,,,,,,,
222,11857,2022,,,,,,,,,,,,,,,,,,,,,,,,,,,,,
223,22035,2022,,,,,,,,,,,,,,,,,,,,,,,,,,,,,
224,11162,2022,,,,,,,,,,,,,,,,,,,,,,,,,,,,,
225,11001,2022,,,,,,,,,,,,,,,,,,,,,,,,,,,,,
226,45007,2022,,,,,,,,,,,,,,,,,,,,,,,,,,,,,
227,11204,2022,,,,,,,,,,,,,,,,,,,,,,,,,,,,,
228,12267,2022,,,,,,,,,,,,,,,,,,,,,,,,,,,,,
229,10423,2022,,,,,,,,,,,,,,,,,,,,,,,,,,,,,
230,11565,2022,,,,,,,,,,,,,,,,,,,,,,,,,,,,,
231,12622,2022,,,,,,,,,,,,,,,,,,,,,,,,,,,,,
232,12217,2022,,,,,,,,,,,,,,,,,,,,,,,,,,,,,
233,37217,2022,,,,,,,,,,,,,,,,,,,,,,,,,,,,,
234,12007,2022,,,,,,,,,,,,,,,,,,,,,,,,,,,,,
235,11812,2022,,,,,,,,,,,,,,,,,,,,,,,,,,,,,
236,12763,2022,,,,,,,,,,,,,,,,,,,,,,,,,,,,,
237,32497,2022,,,,,,,,,,,,,,,,,,,,,,,,,,,,,
238,10228,2022,,,,,,,,,,,,,,,,,,,,,,,,,,,,,
239,11461,2022,,,,,,,,,,,,,,,,,,,,,,,,,,,,,
240,32457,2022,,,,,,,,,,,,,,,,,,,,,,,,,,,,,
241,31137,2022,,,,,,,,,,,,,,,,,,,,,,,,,,,,,
242,35957,2022,,,,,,,,,,,,,,,,,,,,,,,,,,,,,
243,33397,2022,,,,,,,,,,,,,,,,,,,,,,,,,,,,,
244,38077,2022,,,,,,,,,,,,,,,,,,,,,,,,,,,,,
245,15455,2022,,,,,,,,,,,,,,,,,,,,,,,,,,,,,
246,37557,2022,,,,,,,,,,,,,,,,,,,,,,,,,,,,,
247,10757,2022,,,,,,,,,,,,,,,,,,,,,,,,,,,,,
248,10264,2022,,,,,,,,,,,,,,,,,,,,,,,,,,,,,
249,11076,2022,,,,,,,,,,,,,,,,,,,,,,,,,,,,,
250,12659,2022,,,,,,,,,,,,,,,,,,,,,,,,,,,,,
251,10131,2022,,,,,,,,,,,,,,,,,,,,,,,,,,,,,
252,13229,2022,,,,,,,,,,,,,,,,,,,,,,,,,,,,,
253,21336,2022,,,,,,,,,,,,,,,,,,,,,,,,,,,,,
254,14799,2022,,,,,,,,,,,,,,,,,,,,,,,,,,,,,
255,10110,2022,,,,,,,,,,,,,,,,,,,,,,,,,,,,,
256,10338,2022,,,,,,,,,,,,,,,,,,,,,,,,,,,,,
257,20455,2022,,,,,,,,,,,,,,,,,,,,,,,,,,,,,
258,25135,2022,,,,,,,,,,,,,,,,,,,,,,,,,,,,,
259,26595,2022,,,,,,,,,,,,,,,,,,,,,,,,,,,,,
260,11684,2022,,,,,,,,,,,,,,,,,,,,,,,,,,,,,
261,20018,2022,,,,,,,,,,,,,,,,,,,,,,,,,,,,,
262,37177,2022,,,,,,,,,,,,,,,,,,,,,,,,,,,,,
263,30097,2022,,,,,,,,,,,,,,,,,,,,,,,,,,,,,
264,33117,2022,,,,,,,,,,,,,,,,,,,,,,,,,,,,,
265,45021,2022,,,,,,,,,,,,,,,,,,,,,,,,,,,,,
266,12770,2022,,,,,,,,,,,,,,,,,,,,,,,,,,,,,
267,10369,2022,,,,,,,,,,,,,,,,,,,,,,,,,,,,,
268,26035,2022,,,,,,,,,,,,,,,,,,,,,,,,,,,,,
269,34018,2022,,,,,,,,,,,,,,,,,,,,,,,,,,,,,
270,34018,2022,,,,,,,,,,,,,,,,,,,,,,,,,,,,,
271,10802,2022,,,,,,,,,,,,,,,,,,,,,,,,,,,,,
272,12103,2022,,,,,,,,,,,,,,,,,,,,,,,,,,,,,
273,10505,2022,,,,,,,,,,,,,,,,,,,,,,,,,,,,,
274,31337,2022,,,,,,,,,,,,,,,,,,,,,,,,,,,,,
275,12214,2022,,,,,,,,,,,,,,,,,,,,,,,,,,,,,
276,36917,2022,,,,,,,,,,,,,,,,,,,,,,,,,,,,,
277,12597,2022,,,,,,,,,,,,,,,,,,,,,,,,,,,,,
278,35497,2022,,,,,,,,,,,,,,,,,,,,,,,,,,,,,
279,32197,2022,,,,,,,,,,,,,,,,,,,,,,,,,,,,,
280,11644,2022,,,,,,,,,,,,,,,,,,,,,,,,,,,,,
281,35237,2022,,,,,,,,,,,,,,,,,,,,,,,,,,,,,
282,23677,2022,,,,,,,,,,,,,,,,,,,,,,,,,,,,,
283,29216,2022,,,,,,,,,,,,,,,,,,,,,,,,,,,,,
284,13412,2022,,,,,,,,,,,,,,,,,,,,,,,,,,,,,
285,13191,2022,,,,,,,,,,,,,,,,,,,,,,,,,,,,,
286,11381,2022,,,,,,,,,,,,,,,,,,,,,,,,,,,,,
287,21415,2022,,,,,,,,,,,,,,,,,,,,,,,,,,,,,
288,32117,2022,,,,,,,,,,,,,,,,,,,,,,,,,,,,,
289,32117,2022,,,,,,,,,,,,,,,,,,,,,,,,,,,,,
290,32157,2022,,,,,,,,,,,,,,,,,,,,,,,,,,,,,
291,32157,2022,,,,,,,,,,,,,,,,,,,,,,,,,,,,,
292,12128,2022,,,,,,,,,,,,,,,,,,,,,,,,,,,,,
293,35697,2022,,,,,,,,,,,,,,,,,,,,,,,,,,,,,
294,12033,2022,,,,,,,,,,,,,,,,,,,,,,,,,,,,,
295,13711,2022,,,,,,,,,,,,,,,,,,,,,,,,,,,,,
296,12109,2022,,,,,,,,,,,,,,,,,,,,,,,,,,,,,
297,12574,2022,,,,,,,,,,,,,,,,,,,,,,,,,,,,,
298,14041,2022,,,,,,,,,,,,,,,,,,,,,,,,,,,,,
299,30137,2022,,,,,,,,,,,,,,,,,,,,,,,,,,,,,
300,30597,2022,,,,,,,,,,,,,,,,,,,,,,,,,,,,,
301,12771,2022,,,,,,,,,,,,,,,,,,,,,,,,,,,,,
302,30597,2022,,,,,,,,,,,,,,,,,,,,,,,,,,,,,
303,11894,2022,,,,,,,,,,,,,,,,,,,,,,,,,,,,,
304,10718,2022,,,,,,,,,,,,,,,,,,,,,,,,,,,,,
305,19335,2022,,,,,,,,,,,,,,,,,,,,,,,,,,,,,
306,15456,2022,,,,,,,,,,,,,,,,,,,,,,,,,,,,,
307,12041,2022,,,,,,,,,,,,,,,,,,,,,,,,,,,,,
308,11345,2022,,,,,,,,,,,,,,,,,,,,,,,,,,,,,
309,11606,2022,,,,,,,,,,,,,,,,,,,,,,,,,,,,,
310,10045,2022,,,,,,,,,,,,,,,,,,,,,,,,,,,,,
311,34717,2022,,,,,,,,,,,,,,,,,,,,,,,,,,,,,
312,10819,2022,,,,,,,,,,,,,,,,,,,,,,,,,,,,,
313,13870,2022,,,,,,,,,,,,,,,,,,,,,,,,,,,,,
314,38637,2022,,,,,,,,,,,,,,,,,,,,,,,,,,,,,
315,34817,2022,,,,,,,,,,,,,,,,,,,,,,,,,,,,,
316,39177,2022,,,,,,,,,,,,,,,,,,,,,,,,,,,,,
317,35877,2022,,,,,,,,,,,,,,,,,,,,,,,,,,,,,
318,12238,2022,,,,,,,,,,,,,,,,,,,,,,,,,,,,,
319,29537,2022,,,,,,,,,,,,,,,,,,,,,,,,,,,,,
320,30917,2022,,,,,,,,,,,,,,,,,,,,,,,,,,,,,
321,10811,2022,,,,,,,,,,,,,,,,,,,,,,,,,,,,,
322,33077,2022,,,,,,,,,,,,,,,,,,,,,,,,,,,,,
323,13943,2022,,,,,,,,,,,,,,,,,,,,,,,,,,,,,
324,32797,2022,,,,,,,,,,,,,,,,,,,,,,,,,,,,,
325,32797,2022,,,,,,,,,,,,,,,,,,,,,,,,,,,,,
326,45107,2022,,,,,,,,,,,,,,,,,,,,,,,,,,,,,
327,36637,2022,,,,,,,,,,,,,,,,,,,,,,,,,,,,,
328,12236,2022,,,,,,,,,,,,,,,,,,,,,,,,,,,,,
329,12236,2022,,,,,,,,,,,,,,,,,,,,,,,,,,,,,
330,13241,2022,,,,,,,,,,,,,,,,,,,,,,,,,,,,,
331,12879,2022,,,,,,,,,,,,,,,,,,,,,,,,,,,,,
332,12879,2022,,,,,,,,,,,,,,,,,,,,,,,,,,,,,
333,45130,2022,,,,,,,,,,,,,,,,,,,,,,,,,,,,,
334,18002,2022,,,,,,,,,,,,,,,,,,,,,,,,,,,,,
335,11556,2022,,,,,,,,,,,,,,,,,,,,,,,,,,,,,
336,11363,2022,,,,,,,,,,,,,,,,,,,,,,,,,,,,,
337,11363,2022,,,,,,,,,,,,,,,,,,,,,,,,,,,,,
338,34577,2022,,,,,,,,,,,,,,,,,,,,,,,,,,,,,
339,12992,2022,,,,,,,,,,,,,,,,,,,,,,,,,,,,,
340,45027,2022,,,,,,,,,,,,,,,,,,,,,,,,,,,,,
341,32677,2022,,,,,,,,,,,,,,,,,,,,,,,,,,,,,
342,12562,2022,,,,,,,,,,,,,,,,,,,,,,,,,,,,,
343,13121,2022,,,,,,,,,,,,,,,,,,,,,,,,,,,,,
344,10229,2022,,,,,,,,,,,,,,,,,,,,,,,,,,,,,
345,37437,2022,,,,,,,,,,,,,,,,,,,,,,,,,,,,,
346,24575,2022,,,,,,,,,,,,,,,,,,,,,,,,,,,,,
347,31797,2022,,,,,,,,,,,,,,,,,,,,,,,,,,,,,
348,33977,2022,,,,,,,,,,,,,,,,,,,,,,,,,,,,,
349,40217,2022,,,,,,,,,,,,,,,,,,,,,,,,,,,,,
350,12112,2022,,,,,,,,,,,,,,,,,,,,,,,,,,,,,
351,12624,2022,,,,,,,,,,,,,,,,,,,,,,,,,,,,,
352,13881,2022,,,,,,,,,,,,,,,,,,,,,,,,,,,,,
353,31157,2022,,,,,,,,,,,,,,,,,,,,,,,,,,,,,
354,13624,2022,,,,,,,,,,,,,,,,,,,,,,,,,,,,,
355,11219,2022,,,,,,,,,,,,,,,,,,,,,,,,,,,,,
356,13527,2022,,,,,,,,,,,,,,,,,,,,,,,,,,,,,
357,30737,2022,,,,,,,,,,,,,,,,,,,,,,,,,,,,,
358,11353,2022,,,,,,,,,,,,,,,,,,,,,,,,,,,,,
359,17135,2022,,,,,,,,,,,,,,,,,,,,,,,,,,,,,
360,31398,2022,,,,,,,,,,,,,,,,,,,,,,,,,,,,,
361,11433,2022,,,,,,,,,,,,,,,,,,,,,,,,,,,,,
362,11433,2022,,,,,,,,,,,,,,,,,,,,,,,,,,,,,
363,14796,2022,,,,,,,,,,,,,,,,,,,,,,,,,,,,,
364,10123,2022,,,,,,,,,,,,,,,,,,,,,,,,,,,,,
365,12073,2022,,,,,,,,,,,,,,,,,,,,,,,,,,,,,
366,10803,2022,,,,,,,,,,,,,,,,,,,,,,,,,,,,,
367,10581,2022,,,,,,,,,,,,,,,,,,,,,,,,,,,,,
368,11851,2022,,,,,,,,,,,,,,,,,,,,,,,,,,,,,
369,13840,2022,,,,,,,,,,,,,,,,,,,,,,,,,,,,,
370,22115,2022,,,,,,,,,,,,,,,,,,,,,,,,,,,,,
371,26775,2022,,,,,,,,,,,,,,,,,,,,,,,,,,,,,
372,10060,2022,,,,,,,,,,,,,,,,,,,,,,,,,,,,,
373,32597,2022,,,,,,,,,,,,,,,,,,,,,,,,,,,,,
374,10544,2022,,,,,,,,,,,,,,,,,,,,,,,,,,,,,
375,22515,2022,,,,,,,,,,,,,,,,,,,,,,,,,,,,,
376,11833,2022,,,,,,,,,,,,,,,,,,,,,,,,,,,,,
377,19336,2022,,,,,,,,,,,,,,,,,,,,,,,,,,,,,
378,12800,2022,,,,,,,,,,,,,,,,,,,,,,,,,,,,,
379,39957,2022,,,,,,,,,,,,,,,,,,,,,,,,,,,,,
380,36138,2022,,,,,,,,,,,,,,,,,,,,,,,,,,,,,
381,25835,2022,,,,,,,,,,,,,,,,,,,,,,,,,,,,,
382,13826,2022,,,,,,,,,,,,,,,,,,,,,,,,,,,,,
383,27536,2022,,,,,,,,,,,,,,,,,,,,,,,,,,,,,
384,30176,2022,,,,,,,,,,,,,,,,,,,,,,,,,,,,,
385,29296,2022,,,,,,,,,,,,,,,,,,,,,,,,,,,,,
386,13494,2022,,,,,,,,,,,,,,,,,,,,,,,,,,,,,
387,12407,2022,,,,,,,,,,,,,,,,,,,,,,,,,,,,,
388,11355,2022,,,,,,,,,,,,,,,,,,,,,,,,,,,,,
389,12315,2022,,,,,,,,,,,,,,,,,,,,,,,,,,,,,
390,23015,2022,,,,,,,,,,,,,,,,,,,,,,,,,,,,,
391,25895,2022,,,,,,,,,,,,,,,,,,,,,,,,,,,,,
392,29876,2022,,,,,,,,,,,,,,,,,,,,,,,,,,,,,
393,21335,2022,,,,,,,,,,,,,,,,,,,,,,,,,,,,,
394,21055,2022,,,,,,,,,,,,,,,,,,,,,,,,,,,,,
395,21055,2022,,,,,,,,,,,,,,,,,,,,,,,,,,,,,
396,11325,2022,,,,,,,,,,,,,,,,,,,,,,,,,,,,,
397,13958,2022,,,,,,,,,,,,,,,,,,,,,,,,,,,,,
398,35597,2022,,,,,,,,,,,,,,,,,,,,,,,,,,,,,
399,13626,2022,,,,,,,,,,,,,,,,,,,,,,,,,,,,,
400,16939,2022,,,,,,,,,,,,,,,,,,,,,,,,,,,,,
401,17175,2022,,,,,,,,,,,,,,,,,,,,,,,,,,,,,
402,33697,2022,,,,,,,,,,,,,,,,,,,,,,,,,,,,,
403,33217,2022,,,,,,,,,,,,,,,,,,,,,,,,,,,,,
404,19278,2022,,,,,,,,,,,,,,,,,,,,,,,,,,,,,
405,19515,2022,,,,,,,,,,,,,,,,,,,,,,,,,,,,,
406,10880,2022,,,,,,,,,,,,,,,,,,,,,,,,,,,,,
407,11893,2022,,,,,,,,,,,,,,,,,,,,,,,,,,,,,
408,12518,2022,,,,,,,,,,,,,,,,,,,,,,,,,,,,,
409,10121,2022,,,,,,,,,,,,,,,,,,,,,,,,,,,,,
410,13717,2022,,,,,,,,,,,,,,,,,,,,,,,,,,,,,
411,38917,2022,,,,,,,,,,,,,,,,,,,,,,,,,,,,,
412,13896,2022,,,,,,,,,,,,,,,,,,,,,,,,,,,,,
413,10496,2022,,,,,,,,,,,,,,,,,,,,,,,,,,,,,
414,35778,2022,,,,,,,,,,,,,,,,,,,,,,,,,,,,,
415,13140,2022,,,,,,,,,,,,,,,,,,,,,,,,,,,,,
416,26935,2022,True,,0,0,0,estimert #,TROMS OG FINNMARK,54.0,2022-07-03T00:48:49+02:00,2022-04-01T06:39:00+02:00,"Vi tror det har skjedd i forbindelse med den pågående vaskingen, men vi kan ikke si det med sikkerhet. Det opplyses etter hvert at det mangler håndlistkrok rett ovenfor hvor hullet er oppdaget. Det som sannsynligvis har skjedd er at krok har løsnet fra håndlist og falt inn i merd og festet seg hvor hullet ble oppdaget. Når vasking starter vises ikke kroken på grunn av groen og vaskes presser kroken nedover og resulterer i hullet som oppdager omgående. Dykker som reparerer finner kroken nedenfor hullet på 30 meter. Hullet oppdages slik vi ser det omtrent samtidig med at det oppstår. Fare for rømming av fisk anses derfor som umulig. ",{3406ED34-FB9C-4E20-8391-7FF768977EA9},2022-07-03T00:48:53+02:00,2700.0,FROVÅGNESET,5421.0,88341.0,2570.0,Det er satt ut garn rundt merden tilpasset fiskestørrelsen. Om det fanges laks vil området for gjenfangst utvides,True,0.0,2.06,2.06,Laks,Del 1 oppdatert,KLARERT,SALTVANN,Salt,13.0
417,31437,2022,,,,,,,,,,,,,,,,,,,,,,,,,,,,,
418,19115,2022,,,,,,,,,,,,,,,,,,,,,,,,,,,,,
419,19115,2022,,,,,,,,,,,,,,,,,,,,,,,,,,,,,
420,13167,2022,,,,,,,,,,,,,,,,,,,,,,,,,,,,,
421,11736,2022,,,,,,,,,,,,,,,,,,,,,,,,,,,,,
422,22015,2022,,,,,,,,,,,,,,,,,,,,,,,,,,,,,
423,39917,2022,,,,,,,,,,,,,,,,,,,,,,,,,,,,,
424,11814,2022,,,,,,,,,,,,,,,,,,,,,,,,,,,,,
425,13669,2022,,,,,,,,,,,,,,,,,,,,,,,,,,,,,
426,13058,2022,,,,,,,,,,,,,,,,,,,,,,,,,,,,,
427,10747,2022,,,,,,,,,,,,,,,,,,,,,,,,,,,,,
428,13874,2022,,,,,,,,,,,,,,,,,,,,,,,,,,,,,
429,39677,2022,,,,,,,,,,,,,,,,,,,,,,,,,,,,,
430,39678,2022,,,,,,,,,,,,,,,,,,,,,,,,,,,,,
431,12891,2022,,,,,,,,,,,,,,,,,,,,,,,,,,,,,
432,31657,2022,,,,,,,,,,,,,,,,,,,,,,,,,,,,,
433,38937,2022,,,,,,,,,,,,,,,,,,,,,,,,,,,,,
434,31297,2022,,,,,,,,,,,,,,,,,,,,,,,,,,,,,
435,11193,2022,,,,,,,,,,,,,,,,,,,,,,,,,,,,,
436,35537,2022,,,,,,,,,,,,,,,,,,,,,,,,,,,,,
437,12078,2022,,,,,,,,,,,,,,,,,,,,,,,,,,,,,
438,11798,2022,,,,,,,,,,,,,,,,,,,,,,,,,,,,,
439,12264,2022,,,,,,,,,,,,,,,,,,,,,,,,,,,,,
440,11667,2022,,,,,,,,,,,,,,,,,,,,,,,,,,,,,
441,10317,2022,,,,,,,,,,,,,,,,,,,,,,,,,,,,,
442,39597,2022,,,,,,,,,,,,,,,,,,,,,,,,,,,,,
443,12396,2022,,,,,,,,,,,,,,,,,,,,,,,,,,,,,
444,38757,2022,,,,,,,,,,,,,,,,,,,,,,,,,,,,,
445,13021,2022,,,,,,,,,,,,,,,,,,,,,,,,,,,,,
446,34217,2022,,,,,,,,,,,,,,,,,,,,,,,,,,,,,
447,45047,2022,,,,,,,,,,,,,,,,,,,,,,,,,,,,,
448,11198,2022,,,,,,,,,,,,,,,,,,,,,,,,,,,,,
449,26335,2022,,,,,,,,,,,,,,,,,,,,,,,,,,,,,
450,31357,2022,,,,,,,,,,,,,,,,,,,,,,,,,,,,,
451,34357,2022,,,,,,,,,,,,,,,,,,,,,,,,,,,,,
452,20897,2022,,,,,,,,,,,,,,,,,,,,,,,,,,,,,
453,11530,2022,,,,,,,,,,,,,,,,,,,,,,,,,,,,,
454,11589,2022,,,,,,,,,,,,,,,,,,,,,,,,,,,,,
455,24315,2022,,,,,,,,,,,,,,,,,,,,,,,,,,,,,
456,24196,2022,,,,,,,,,,,,,,,,,,,,,,,,,,,,,
457,13036,2022,,,,,,,,,,,,,,,,,,,,,,,,,,,,,
458,25695,2022,,,,,,,,,,,,,,,,,,,,,,,,,,,,,
459,33617,2022,False,,,0,0,estimert #,MØRE OG ROMSDAL,15.0,2022-07-03T00:48:49+02:00,2022-07-02T11:15:00+02:00,,{EBF526F6-4BF5-4648-9ABB-9FE6CD335D71},2022-07-03T00:48:49+02:00,4680.0,GJERDE,1576.0,88364.0,2600.0,Satt garn fra bøye til bøye rundt aktuelle merd,True,0.0,0.232,0.232,Laks,Del 1,KLARERT,SALTVANN,Salt,26.0
460,10324,2022,,,,,,,,,,,,,,,,,,,,,,,,,,,,,
461,12714,2022,,,,,,,,,,,,,,,,,,,,,,,,,,,,,
462,13852,2022,,,,,,,,,,,,,,,,,,,,,,,,,,,,,
463,20276,2022,,,,,,,,,,,,,,,,,,,,,,,,,,,,,
464,31717,2022,,,,,,,,,,,,,,,,,,,,,,,,,,,,,
465,31717,2022,,,,,,,,,,,,,,,,,,,,,,,,,,,,,
466,11365,2022,,,,,,,,,,,,,,,,,,,,,,,,,,,,,
467,11795,2022,,,,,,,,,,,,,,,,,,,,,,,,,,,,,
468,17935,2022,,,,,,,,,,,,,,,,,,,,,,,,,,,,,
469,37877,2022,,,,,,,,,,,,,,,,,,,,,,,,,,,,,
470,45065,2022,,,,,,,,,,,,,,,,,,,,,,,,,,,,,
471,11333,2022,,,,,,,,,,,,,,,,,,,,,,,,,,,,,
472,10754,2022,,,,,,,,,,,,,,,,,,,,,,,,,,,,,
473,13188,2022,,,,,,,,,,,,,,,,,,,,,,,,,,,,,
474,24016,2022,,,,,,,,,,,,,,,,,,,,,,,,,,,,,
475,11127,2022,,,,,,,,,,,,,,,,,,,,,,,,,,,,,
476,40297,2022,,,,,,,,,,,,,,,,,,,,,,,,,,,,,
477,10734,2022,,,,,,,,,,,,,,,,,,,,,,,,,,,,,
478,45068,2022,,,,,,,,,,,,,,,,,,,,,,,,,,,,,
479,34617,2022,,,,,,,,,,,,,,,,,,,,,,,,,,,,,
480,32037,2022,,,,,,,,,,,,,,,,,,,,,,,,,,,,,
481,11690,2022,,,,,,,,,,,,,,,,,,,,,,,,,,,,,
482,11907,2022,,,,,,,,,,,,,,,,,,,,,,,,,,,,,
483,11657,2022,,,,,,,,,,,,,,,,,,,,,,,,,,,,,
484,32917,2022,,,,,,,,,,,,,,,,,,,,,,,,,,,,,
485,11559,2022,,,,,,,,,,,,,,,,,,,,,,,,,,,,,
486,13620,2022,,,,,,,,,,,,,,,,,,,,,,,,,,,,,
487,11771,2022,,,,,,,,,,,,,,,,,,,,,,,,,,,,,
488,13547,2022,,,,,,,,,,,,,,,,,,,,,,,,,,,,,
489,45099,2022,,,,,,,,,,,,,,,,,,,,,,,,,,,,,
490,45005,2022,,,,,,,,,,,,,,,,,,,,,,,,,,,,,
491,12435,2022,,,,,,,,,,,,,,,,,,,,,,,,,,,,,
492,29096,2022,,,,,,,,,,,,,,,,,,,,,,,,,,,,,
493,13856,2022,,,,,,,,,,,,,,,,,,,,,,,,,,,,,
494,17177,2022,,,,,,,,,,,,,,,,,,,,,,,,,,,,,
495,24615,2022,,,,,,,,,,,,,,,,,,,,,,,,,,,,,
496,10948,2022,,,,,,,,,,,,,,,,,,,,,,,,,,,,,
497,33597,2022,,,,,,,,,,,,,,,,,,,,,,,,,,,,,
498,12265,2022,,,,,,,,,,,,,,,,,,,,,,,,,,,,,
499,14035,2022,,,,,,,,,,,,,,,,,,,,,,,,,,,,,
500,10318,2022,,,,,,,,,,,,,,,,,,,,,,,,,,,,,
501,24735,2022,,,,,,,,,,,,,,,,,,,,,,,,,,,,,
502,12723,2022,,,,,,,,,,,,,,,,,,,,,,,,,,,,,
503,33357,2022,,,,,,,,,,,,,,,,,,,,,,,,,,,,,
504,12789,2022,,,,,,,,,,,,,,,,,,,,,,,,,,,,,
505,32317,2022,,,,,,,,,,,,,,,,,,,,,,,,,,,,,
506,11851,2022,,,,,,,,,,,,,,,,,,,,,,,,,,,,,
507,37337,2022,,,,,,,,,,,,,,,,,,,,,,,,,,,,,
508,39537,2022,,,,,,,,,,,,,,,,,,,,,,,,,,,,,
509,33757,2022,,,,,,,,,,,,,,,,,,,,,,,,,,,,,
510,29697,2022,,,,,,,,,,,,,,,,,,,,,,,,,,,,,
511,19995,2022,,,,,,,,,,,,,,,,,,,,,,,,,,,,,
512,22095,2022,,,,,,,,,,,,,,,,,,,,,,,,,,,,,
513,16755,2022,,,,,,,,,,,,,,,,,,,,,,,,,,,,,
514,13949,2022,,,,,,,,,,,,,,,,,,,,,,,,,,,,,
515,12246,2022,,,,,,,,,,,,,,,,,,,,,,,,,,,,,
516,13886,2022,,,,,,,,,,,,,,,,,,,,,,,,,,,,,
517,38777,2022,,,,,,,,,,,,,,,,,,,,,,,,,,,,,
518,36737,2022,False,,1,1-10,1-10,endelig #,NORDLAND,18.0,2022-07-03T00:48:49+02:00,2022-06-10T09:30:00+02:00,Eleven skulle gi håven til annen skoleelev fikk vridning på håven i forbindelse med dette og laksen falt ut.,{F6D95263-7A29-4E20-BFBA-122C5783EBCE},2022-07-03T00:49:43+02:00,3120.0,HALLSTEINHAMN I,1804.0,88355.0,2591.0,,False,1.0,2.5,2.5,Laks,Del 2,KLARERT,SALTVANN,Salt,23.0
519,11318,2022,,,,,,,,,,,,,,,,,,,,,,,,,,,,,
520,36937,2022,,,,,,,,,,,,,,,,,,,,,,,,,,,,,
521,18175,2022,,,,,,,,,,,,,,,,,,,,,,,,,,,,,
522,18639,2022,,,,,,,,,,,,,,,,,,,,,,,,,,,,,
523,12895,2022,,,,,,,,,,,,,,,,,,,,,,,,,,,,,
524,18717,2022,,,,,,,,,,,,,,,,,,,,,,,,,,,,,
525,13592,2022,,,,,,,,,,,,,,,,,,,,,,,,,,,,,
526,13996,2022,,,,,,,,,,,,,,,,,,,,,,,,,,,,,
527,10783,2022,,,,,,,,,,,,,,,,,,,,,,,,,,,,,
528,38057,2022,,,,,,,,,,,,,,,,,,,,,,,,,,,,,
529,12860,2022,,,,,,,,,,,,,,,,,,,,,,,,,,,,,
530,31577,2022,,,,,,,,,,,,,,,,,,,,,,,,,,,,,
531,31897,2022,,,,,,,,,,,,,,,,,,,,,,,,,,,,,
532,12011,2022,,,,,,,,,,,,,,,,,,,,,,,,,,,,,
533,36617,2022,,,,,,,,,,,,,,,,,,,,,,,,,,,,,
534,38217,2022,,,,,,,,,,,,,,,,,,,,,,,,,,,,,
535,39217,2022,,,,,,,,,,,,,,,,,,,,,,,,,,,,,
536,32817,2022,,,,,,,,,,,,,,,,,,,,,,,,,,,,,
537,11643,2022,False,,1746,1000-10000,1000-10000,endelig #,VESTLAND,46.0,2022-07-03T00:48:49+02:00,2022-01-10T22:00:00+01:00,Rennen fra avlusingsfartøy havnet utenfor merd,{AA056CAE-B656-47F6-A138-5C721CEE003C},2022-07-03T00:49:43+02:00,2340.0,HATLEM Ø,4637.0,88339.0,2549.0,"Garn etter prosedyre.
Fiksere blir kontaktet i morgen.",True,1.0,2.5,3.2,Regnbueørret,Del 2,KLARERT,SALTVANN,Salt,2.0
538,11511,2022,,,,,,,,,,,,,,,,,,,,,,,,,,,,,
539,26615,2022,,,,,,,,,,,,,,,,,,,,,,,,,,,,,
540,12708,2022,,,,,,,,,,,,,,,,,,,,,,,,,,,,,
541,13486,2022,,,,,,,,,,,,,,,,,,,,,,,,,,,,,
542,13160,2022,,,,,,,,,,,,,,,,,,,,,,,,,,,,,
543,36178,2022,,,,,,,,,,,,,,,,,,,,,,,,,,,,,
544,36178,2022,,,,,,,,,,,,,,,,,,,,,,,,,,,,,
545,30257,2022,,,,,,,,,,,,,,,,,,,,,,,,,,,,,
546,45115,2022,,,,,,,,,,,,,,,,,,,,,,,,,,,,,
547,11740,2022,,,,,,,,,,,,,,,,,,,,,,,,,,,,,
548,24035,2022,,,,,,,,,,,,,,,,,,,,,,,,,,,,,
549,36778,2022,,,,,,,,,,,,,,,,,,,,,,,,,,,,,
550,13273,2022,,,,,,,,,,,,,,,,,,,,,,,,,,,,,
551,30897,2022,,,,,,,,,,,,,,,,,,,,,,,,,,,,,
552,12896,2022,,,,,,,,,,,,,,,,,,,,,,,,,,,,,
553,10425,2022,,,,,,,,,,,,,,,,,,,,,,,,,,,,,
554,13503,2022,,,,,,,,,,,,,,,,,,,,,,,,,,,,,
555,13838,2022,,,,,,,,,,,,,,,,,,,,,,,,,,,,,
556,32737,2022,,,,,,,,,,,,,,,,,,,,,,,,,,,,,
557,13782,2022,,,,,,,,,,,,,,,,,,,,,,,,,,,,,
558,11969,2022,,,,,,,,,,,,,,,,,,,,,,,,,,,,,
559,11783,2022,,,,,,,,,,,,,,,,,,,,,,,,,,,,,
560,36277,2022,,,,,,,,,,,,,,,,,,,,,,,,,,,,,
561,10194,2022,,,,,,,,,,,,,,,,,,,,,,,,,,,,,
562,11335,2022,,,,,,,,,,,,,,,,,,,,,,,,,,,,,
563,11315,2022,,,,,,,,,,,,,,,,,,,,,,,,,,,,,
564,11898,2022,,,,,,,,,,,,,,,,,,,,,,,,,,,,,
565,45127,2022,,,,,,,,,,,,,,,,,,,,,,,,,,,,,
566,14679,2022,,,,,,,,,,,,,,,,,,,,,,,,,,,,,
567,12590,2022,,,,,,,,,,,,,,,,,,,,,,,,,,,,,
568,39997,2022,,,,,,,,,,,,,,,,,,,,,,,,,,,,,
569,22235,2022,,,,,,,,,,,,,,,,,,,,,,,,,,,,,
570,14176,2022,,,,,,,,,,,,,,,,,,,,,,,,,,,,,
571,12398,2022,,,,,,,,,,,,,,,,,,,,,,,,,,,,,
572,27376,2022,,,,,,,,,,,,,,,,,,,,,,,,,,,,,
573,13598,2022,,,,,,,,,,,,,,,,,,,,,,,,,,,,,
574,13157,2022,,,,,,,,,,,,,,,,,,,,,,,,,,,,,
575,12165,2022,,,,,,,,,,,,,,,,,,,,,,,,,,,,,
576,11920,2022,,,,,,,,,,,,,,,,,,,,,,,,,,,,,
577,22596,2022,,,,,,,,,,,,,,,,,,,,,,,,,,,,,
578,21957,2022,,,,,,,,,,,,,,,,,,,,,,,,,,,,,
579,13235,2022,,,,,,,,,,,,,,,,,,,,,,,,,,,,,
580,18015,2022,,,,,,,,,,,,,,,,,,,,,,,,,,,,,
581,13119,2022,,,,,,,,,,,,,,,,,,,,,,,,,,,,,
582,21235,2022,,,,,,,,,,,,,,,,,,,,,,,,,,,,,
583,13006,2022,,,,,,,,,,,,,,,,,,,,,,,,,,,,,
584,14136,2022,,,,,,,,,,,,,,,,,,,,,,,,,,,,,
585,26815,2022,,,,,,,,,,,,,,,,,,,,,,,,,,,,,
586,11792,2022,,,,,,,,,,,,,,,,,,,,,,,,,,,,,
587,34677,2022,,,,,,,,,,,,,,,,,,,,,,,,,,,,,
588,45080,2022,,,,,,,,,,,,,,,,,,,,,,,,,,,,,
589,26955,2022,,,,,,,,,,,,,,,,,,,,,,,,,,,,,
590,33797,2022,,,,,,,,,,,,,,,,,,,,,,,,,,,,,
591,34017,2022,,,,,,,,,,,,,,,,,,,,,,,,,,,,,
592,31177,2022,,,,,,,,,,,,,,,,,,,,,,,,,,,,,
593,10300,2022,,,,,,,,,,,,,,,,,,,,,,,,,,,,,
594,11538,2022,,,,,,,,,,,,,,,,,,,,,,,,,,,,,
595,10410,2022,,,,,,,,,,,,,,,,,,,,,,,,,,,,,
596,12036,2022,,,,,,,,,,,,,,,,,,,,,,,,,,,,,
597,10291,2022,,,,,,,,,,,,,,,,,,,,,,,,,,,,,
598,13643,2022,,,,,,,,,,,,,,,,,,,,,,,,,,,,,
599,32417,2022,,,,,,,,,,,,,,,,,,,,,,,,,,,,,
600,15655,2022,,,,,,,,,,,,,,,,,,,,,,,,,,,,,
601,13931,2022,,,,,,,,,,,,,,,,,,,,,,,,,,,,,
602,10808,2022,,,,,,,,,,,,,,,,,,,,,,,,,,,,,
603,10576,2022,,,,,,,,,,,,,,,,,,,,,,,,,,,,,
604,13166,2022,,,,,,,,,,,,,,,,,,,,,,,,,,,,,
605,13672,2022,,,,,,,,,,,,,,,,,,,,,,,,,,,,,
606,37937,2022,,,,,,,,,,,,,,,,,,,,,,,,,,,,,
607,12483,2022,,,,,,,,,,,,,,,,,,,,,,,,,,,,,
608,31257,2022,,,,,,,,,,,,,,,,,,,,,,,,,,,,,
609,35197,2022,,,,,,,,,,,,,,,,,,,,,,,,,,,,,
610,33957,2022,,,,,,,,,,,,,,,,,,,,,,,,,,,,,
611,38097,2022,,,,,,,,,,,,,,,,,,,,,,,,,,,,,
612,10536,2022,,,,,,,,,,,,,,,,,,,,,,,,,,,,,
613,13292,2022,,,,,,,,,,,,,,,,,,,,,,,,,,,,,
614,12964,2022,,,,,,,,,,,,,,,,,,,,,,,,,,,,,
615,12871,2022,,,,,,,,,,,,,,,,,,,,,,,,,,,,,
616,30377,2022,,,,,,,,,,,,,,,,,,,,,,,,,,,,,
617,30377,2022,,,,,,,,,,,,,,,,,,,,,,,,,,,,,
618,45010,2022,,,,,,,,,,,,,,,,,,,,,,,,,,,,,
619,17176,2022,,,,,,,,,,,,,,,,,,,,,,,,,,,,,
620,11953,2022,,,,,,,,,,,,,,,,,,,,,,,,,,,,,
621,11571,2022,,,,,,,,,,,,,,,,,,,,,,,,,,,,,
622,11503,2022,,,,,,,,,,,,,,,,,,,,,,,,,,,,,
623,13935,2022,,,,,,,,,,,,,,,,,,,,,,,,,,,,,
624,12035,2022,,,,,,,,,,,,,,,,,,,,,,,,,,,,,
625,12897,2022,,,,,,,,,,,,,,,,,,,,,,,,,,,,,
626,12898,2022,,,,,,,,,,,,,,,,,,,,,,,,,,,,,
627,10484,2022,,,,,,,,,,,,,,,,,,,,,,,,,,,,,
628,10385,2022,,,,,,,,,,,,,,,,,,,,,,,,,,,,,
629,31417,2022,,,,,,,,,,,,,,,,,,,,,,,,,,,,,
630,32757,2022,,,,,,,,,,,,,,,,,,,,,,,,,,,,,
631,14882,2022,,,,,,,,,,,,,,,,,,,,,,,,,,,,,
632,12543,2022,,,,,,,,,,,,,,,,,,,,,,,,,,,,,
633,10518,2022,,,,,,,,,,,,,,,,,,,,,,,,,,,,,
634,45075,2022,,,,,,,,,,,,,,,,,,,,,,,,,,,,,
635,12571,2022,,,,,,,,,,,,,,,,,,,,,,,,,,,,,
636,33218,2022,,,,,,,,,,,,,,,,,,,,,,,,,,,,,
637,28056,2022,,,,,,,,,,,,,,,,,,,,,,,,,,,,,
638,39437,2022,,,,,,,,,,,,,,,,,,,,,,,,,,,,,
639,13337,2022,,,,,,,,,,,,,,,,,,,,,,,,,,,,,
640,12888,2022,,,,,,,,,,,,,,,,,,,,,,,,,,,,,
641,10286,2022,,,,,,,,,,,,,,,,,,,,,,,,,,,,,
642,12890,2022,,,,,,,,,,,,,,,,,,,,,,,,,,,,,
643,13784,2022,,,,,,,,,,,,,,,,,,,,,,,,,,,,,
644,13231,2022,,,,,,,,,,,,,,,,,,,,,,,,,,,,,
645,19939,2022,,,,,,,,,,,,,,,,,,,,,,,,,,,,,
646,11786,2022,,,,,,,,,,,,,,,,,,,,,,,,,,,,,
647,21715,2022,,,,,,,,,,,,,,,,,,,,,,,,,,,,,
648,21516,2022,,,,,,,,,,,,,,,,,,,,,,,,,,,,,
649,25235,2022,,,,,,,,,,,,,,,,,,,,,,,,,,,,,
650,45038,2022,,,,,,,,,,,,,,,,,,,,,,,,,,,,,
651,10796,2022,,,,,,,,,,,,,,,,,,,,,,,,,,,,,
652,32777,2022,,,,,,,,,,,,,,,,,,,,,,,,,,,,,
653,27856,2022,,,,,,,,,,,,,,,,,,,,,,,,,,,,,
654,11897,2022,,,,,,,,,,,,,,,,,,,,,,,,,,,,,
655,12410,2022,,,,,,,,,,,,,,,,,,,,,,,,,,,,,
656,39477,2022,,,,,,,,,,,,,,,,,,,,,,,,,,,,,
657,39377,2022,,,,,,,,,,,,,,,,,,,,,,,,,,,,,
658,21016,2022,,,,,,,,,,,,,,,,,,,,,,,,,,,,,
659,11313,2022,,,,,,,,,,,,,,,,,,,,,,,,,,,,,
660,11356,2022,,,,,,,,,,,,,,,,,,,,,,,,,,,,,
661,34397,2022,,,,,,,,,,,,,,,,,,,,,,,,,,,,,
662,11251,2022,,,,,,,,,,,,,,,,,,,,,,,,,,,,,
663,17855,2022,,,,,,,,,,,,,,,,,,,,,,,,,,,,,
664,18936,2022,,,,,,,,,,,,,,,,,,,,,,,,,,,,,
665,27095,2022,,,,,,,,,,,,,,,,,,,,,,,,,,,,,
666,12397,2022,,,,,,,,,,,,,,,,,,,,,,,,,,,,,
667,38997,2022,,,,,,,,,,,,,,,,,,,,,,,,,,,,,
668,10240,2022,,,,,,,,,,,,,,,,,,,,,,,,,,,,,
669,12115,2022,,,,,,,,,,,,,,,,,,,,,,,,,,,,,
670,12116,2022,,,,,,,,,,,,,,,,,,,,,,,,,,,,,
671,12116,2022,,,,,,,,,,,,,,,,,,,,,,,,,,,,,
672,11954,2022,,,,,,,,,,,,,,,,,,,,,,,,,,,,,
673,10114,2022,,,,,,,,,,,,,,,,,,,,,,,,,,,,,
674,29756,2022,,,,,,,,,,,,,,,,,,,,,,,,,,,,,
675,38617,2022,,,,,,,,,,,,,,,,,,,,,,,,,,,,,
676,40157,2022,,,,,,,,,,,,,,,,,,,,,,,,,,,,,
677,10768,2022,,,,,,,,,,,,,,,,,,,,,,,,,,,,,
678,10768,2022,,,,,,,,,,,,,,,,,,,,,,,,,,,,,
679,10767,2022,,,,,,,,,,,,,,,,,,,,,,,,,,,,,
680,10767,2022,,,,,,,,,,,,,,,,,,,,,,,,,,,,,
681,25395,2022,,,,,,,,,,,,,,,,,,,,,,,,,,,,,
682,33057,2022,,,,,,,,,,,,,,,,,,,,,,,,,,,,,
683,13236,2022,,,,,,,,,,,,,,,,,,,,,,,,,,,,,
684,12599,2022,,,,,,,,,,,,,,,,,,,,,,,,,,,,,
685,11957,2022,,,,,,,,,,,,,,,,,,,,,,,,,,,,,
686,11555,2022,,,,,,,,,,,,,,,,,,,,,,,,,,,,,
687,11555,2022,,,,,,,,,,,,,,,,,,,,,,,,,,,,,
688,11555,2022,,,,,,,,,,,,,,,,,,,,,,,,,,,,,
689,13189,2022,,,,,,,,,,,,,,,,,,,,,,,,,,,,,
690,11405,2022,,,,,,,,,,,,,,,,,,,,,,,,,,,,,
691,12634,2022,,,,,,,,,,,,,,,,,,,,,,,,,,,,,
692,11296,2022,,,,,,,,,,,,,,,,,,,,,,,,,,,,,
693,13654,2022,,,,,,,,,,,,,,,,,,,,,,,,,,,,,
694,12224,2022,,,,,,,,,,,,,,,,,,,,,,,,,,,,,
695,24295,2022,,,,,,,,,,,,,,,,,,,,,,,,,,,,,
696,10876,2022,,,,,,,,,,,,,,,,,,,,,,,,,,,,,
697,14245,2022,,,,,,,,,,,,,,,,,,,,,,,,,,,,,
698,36137,2022,False,,2,1-10,1-10,endelig #,TROMS OG FINNMARK,54.0,2022-07-03T00:48:49+02:00,2022-06-15T13:15:00+02:00,Manglende bruk av sikkerhetsnett mellom merd og båt ,{E666C180-5F04-493B-AFF2-7D08A1584F07},2022-07-03T00:49:43+02:00,3600.0,JEKTEBERGET,5413.0,88363.0,2594.0,"Bruk av gjenfangstgarn, tar kontakt med lokale fiskere",True,1.0,0.216,0.216,Laks,Del 2,KLARERT,SALTVANN,Salt,24.0
699,19977,2022,,,,,,,,,,,,,,,,,,,,,,,,,,,,,
700,11269,2022,,,,,,,,,,,,,,,,,,,,,,,,,,,,,
701,10885,2022,,,,,,,,,,,,,,,,,,,,,,,,,,,,,
702,31017,2022,,,,,,,,,,,,,,,,,,,,,,,,,,,,,
703,16335,2022,,,,,,,,,,,,,,,,,,,,,,,,,,,,,
704,27176,2022,,,,,,,,,,,,,,,,,,,,,,,,,,,,,
705,33197,2022,,,,,,,,,,,,,,,,,,,,,,,,,,,,,
706,38877,2022,,,,,,,,,,,,,,,,,,,,,,,,,,,,,
707,26495,2022,,,,,,,,,,,,,,,,,,,,,,,,,,,,,
708,11665,2022,,,,,,,,,,,,,,,,,,,,,,,,,,,,,
709,10577,2022,,,,,,,,,,,,,,,,,,,,,,,,,,,,,
710,30036,2022,,,,,,,,,,,,,,,,,,,,,,,,,,,,,
711,38437,2022,,,,,,,,,,,,,,,,,,,,,,,,,,,,,
712,25736,2022,,,,,,,,,,,,,,,,,,,,,,,,,,,,,
713,12457,2022,,,,,,,,,,,,,,,,,,,,,,,,,,,,,
714,11333,2022,,,,,,,,,,,,,,,,,,,,,,,,,,,,,
715,17736,2022,,,,,,,,,,,,,,,,,,,,,,,,,,,,,
716,13783,2022,,,,,,,,,,,,,,,,,,,,,,,,,,,,,
717,11225,2022,,,,,,,,,,,,,,,,,,,,,,,,,,,,,
718,12260,2022,,,,,,,,,,,,,,,,,,,,,,,,,,,,,
719,29436,2022,,,,,,,,,,,,,,,,,,,,,,,,,,,,,
720,29656,2022,,,,,,,,,,,,,,,,,,,,,,,,,,,,,
721,13242,2022,,,,,,,,,,,,,,,,,,,,,,,,,,,,,
722,15657,2022,,,,,,,,,,,,,,,,,,,,,,,,,,,,,
723,12348,2022,,,,,,,,,,,,,,,,,,,,,,,,,,,,,
724,13220,2022,,,,,,,,,,,,,,,,,,,,,,,,,,,,,
725,22915,2022,,,,,,,,,,,,,,,,,,,,,,,,,,,,,
726,28517,2022,,,,,,,,,,,,,,,,,,,,,,,,,,,,,
727,34797,2022,,,,,,,,,,,,,,,,,,,,,,,,,,,,,
728,27996,2022,,,,,,,,,,,,,,,,,,,,,,,,,,,,,
729,36217,2022,,,,,,,,,,,,,,,,,,,,,,,,,,,,,
730,29576,2022,,,,,,,,,,,,,,,,,,,,,,,,,,,,,
731,12371,2022,,,,,,,,,,,,,,,,,,,,,,,,,,,,,
732,15118,2022,,,,,,,,,,,,,,,,,,,,,,,,,,,,,
733,10087,2022,,,,,,,,,,,,,,,,,,,,,,,,,,,,,
734,31517,2022,,,,,,,,,,,,,,,,,,,,,,,,,,,,,
735,10759,2022,,,,,,,,,,,,,,,,,,,,,,,,,,,,,
736,36817,2022,,,,,,,,,,,,,,,,,,,,,,,,,,,,,
737,23136,2022,,,,,,,,,,,,,,,,,,,,,,,,,,,,,
738,10560,2022,,,,,,,,,,,,,,,,,,,,,,,,,,,,,
739,10804,2022,,,,,,,,,,,,,,,,,,,,,,,,,,,,,
740,31757,2022,,,,,,,,,,,,,,,,,,,,,,,,,,,,,
741,16281,2022,,,,,,,,,,,,,,,,,,,,,,,,,,,,,
742,12872,2022,,,,,,,,,,,,,,,,,,,,,,,,,,,,,
743,14042,2022,,,,,,,,,,,,,,,,,,,,,,,,,,,,,
744,30437,2022,,,,,,,,,,,,,,,,,,,,,,,,,,,,,
745,16736,2022,,,,,,,,,,,,,,,,,,,,,,,,,,,,,
746,28976,2022,,,,,,,,,,,,,,,,,,,,,,,,,,,,,
747,13225,2022,,,,,,,,,,,,,,,,,,,,,,,,,,,,,
748,31477,2022,,,,,,,,,,,,,,,,,,,,,,,,,,,,,
749,11879,2022,,,,,,,,,,,,,,,,,,,,,,,,,,,,,
750,31477,2022,,,,,,,,,,,,,,,,,,,,,,,,,,,,,
751,13279,2022,,,,,,,,,,,,,,,,,,,,,,,,,,,,,
752,45052,2022,,,,,,,,,,,,,,,,,,,,,,,,,,,,,
753,13297,2022,,,,,,,,,,,,,,,,,,,,,,,,,,,,,
754,12660,2022,,,,,,,,,,,,,,,,,,,,,,,,,,,,,
755,31917,2022,,,,,,,,,,,,,,,,,,,,,,,,,,,,,
756,13573,2022,,,,,,,,,,,,,,,,,,,,,,,,,,,,,
757,12139,2022,,,,,,,,,,,,,,,,,,,,,,,,,,,,,
758,11493,2022,,,,,,,,,,,,,,,,,,,,,,,,,,,,,
759,11913,2022,,,,,,,,,,,,,,,,,,,,,,,,,,,,,
760,33577,2022,,,,,,,,,,,,,,,,,,,,,,,,,,,,,
761,12875,2022,,,,,,,,,,,,,,,,,,,,,,,,,,,,,
762,23755,2022,,,,,,,,,,,,,,,,,,,,,,,,,,,,,
763,11173,2022,,,,,,,,,,,,,,,,,,,,,,,,,,,,,
764,13687,2022,,,,,,,,,,,,,,,,,,,,,,,,,,,,,
765,10720,2022,,,,,,,,,,,,,,,,,,,,,,,,,,,,,
766,10409,2022,,,,,,,,,,,,,,,,,,,,,,,,,,,,,
767,13009,2022,,,,,,,,,,,,,,,,,,,,,,,,,,,,,
768,11207,2022,,,,,,,,,,,,,,,,,,,,,,,,,,,,,
769,11652,2022,,,,,,,,,,,,,,,,,,,,,,,,,,,,,
770,18275,2022,,,,,,,,,,,,,,,,,,,,,,,,,,,,,
771,36297,2022,,,,,,,,,,,,,,,,,,,,,,,,,,,,,
772,11112,2022,,,,,,,,,,,,,,,,,,,,,,,,,,,,,
773,11689,2022,,,,,,,,,,,,,,,,,,,,,,,,,,,,,
774,12294,2022,,,,,,,,,,,,,,,,,,,,,,,,,,,,,
775,12961,2022,,,,,,,,,,,,,,,,,,,,,,,,,,,,,
776,45016,2022,,,,,,,,,,,,,,,,,,,,,,,,,,,,,
777,45037,2022,,,,,,,,,,,,,,,,,,,,,,,,,,,,,
778,12415,2022,,,,,,,,,,,,,,,,,,,,,,,,,,,,,
779,26135,2022,,,,,,,,,,,,,,,,,,,,,,,,,,,,,
780,27015,2022,,,,,,,,,,,,,,,,,,,,,,,,,,,,,
781,32257,2022,,,,,,,,,,,,,,,,,,,,,,,,,,,,,
782,32257,2022,,,,,,,,,,,,,,,,,,,,,,,,,,,,,
783,32577,2022,,,,,,,,,,,,,,,,,,,,,,,,,,,,,
784,40377,2022,,,,,,,,,,,,,,,,,,,,,,,,,,,,,
785,10723,2022,,,,,,,,,,,,,,,,,,,,,,,,,,,,,
786,24455,2022,,,,,,,,,,,,,,,,,,,,,,,,,,,,,
787,10363,2022,,,,,,,,,,,,,,,,,,,,,,,,,,,,,
788,12215,2022,,,,,,,,,,,,,,,,,,,,,,,,,,,,,
789,10828,2022,,,,,,,,,,,,,,,,,,,,,,,,,,,,,
790,10206,2022,,,,,,,,,,,,,,,,,,,,,,,,,,,,,
791,36037,2022,,,,,,,,,,,,,,,,,,,,,,,,,,,,,
792,29476,2022,,,,,,,,,,,,,,,,,,,,,,,,,,,,,
793,10724,2022,,,,,,,,,,,,,,,,,,,,,,,,,,,,,
794,45137,2022,,,,,,,,,,,,,,,,,,,,,,,,,,,,,
795,12980,2022,,,,,,,,,,,,,,,,,,,,,,,,,,,,,
796,19755,2022,,,,,,,,,,,,,,,,,,,,,,,,,,,,,
797,33998,2022,,,,,,,,,,,,,,,,,,,,,,,,,,,,,
798,45089,2022,,,,,,,,,,,,,,,,,,,,,,,,,,,,,
799,11829,2022,,,,,,,,,,,,,,,,,,,,,,,,,,,,,
800,13339,2022,,,,,,,,,,,,,,,,,,,,,,,,,,,,,
801,18755,2022,,,,,,,,,,,,,,,,,,,,,,,,,,,,,
802,11534,2022,,,,,,,,,,,,,,,,,,,,,,,,,,,,,
803,13819,2022,,,,,,,,,,,,,,,,,,,,,,,,,,,,,
804,11763,2022,,,,,,,,,,,,,,,,,,,,,,,,,,,,,
805,13567,2022,,,,,,,,,,,,,,,,,,,,,,,,,,,,,
806,13567,2022,,,,,,,,,,,,,,,,,,,,,,,,,,,,,
807,12893,2022,,,,,,,,,,,,,,,,,,,,,,,,,,,,,
808,45117,2022,,,,,,,,,,,,,,,,,,,,,,,,,,,,,
809,10113,2022,True,,3,1-10,1-10,endelig #,ROGALAND,11.0,2022-07-03T00:48:49+02:00,2022-06-03T12:24:00+02:00,"Under behandling mot lus, valgte man å bruke muligheten for å sortere ut Rognkjeks til avliving. Mot slutten av behandlingen kom der plutselig veldig mye Rognkjeks på kort tid gjennom avsileren. Systemet klarte ikke å svelge denne mengden og det rant over på baksiden og fisk endte på dekk. 3 stk taper laks endte på sjøen ilag med 2 stk rognkjeks. Rømningssikring var på plass men ikke på baksiden.",{5B598118-B620-4ECE-B566-9BA195DF95F4},2022-07-03T00:49:44+02:00,3600.0,KOBBAVIKA,1103.0,88354.0,2588.0,"setter 2 garn umiddelbart, følger opp med flere.",True,1.0,0.2,0.2,Laks,Del 2,KLARERT,SALTVANN,Salt,22.0
810,32598,2022,,,,,,,,,,,,,,,,,,,,,,,,,,,,,
811,13764,2022,,,,,,,,,,,,,,,,,,,,,,,,,,,,,
812,12487,2022,,,,,,,,,,,,,,,,,,,,,,,,,,,,,
813,38677,2022,,,,,,,,,,,,,,,,,,,,,,,,,,,,,
814,11575,2022,,,,,,,,,,,,,,,,,,,,,,,,,,,,,
815,11201,2022,,,,,,,,,,,,,,,,,,,,,,,,,,,,,
816,29557,2022,,,,,,,,,,,,,,,,,,,,,,,,,,,,,
817,45100,2022,,,,,,,,,,,,,,,,,,,,,,,,,,,,,
818,10365,2022,,,,,,,,,,,,,,,,,,,,,,,,,,,,,
819,17755,2022,,,,,,,,,,,,,,,,,,,,,,,,,,,,,
820,10265,2022,,,,,,,,,,,,,,,,,,,,,,,,,,,,,
821,12225,2022,,,,,,,,,,,,,,,,,,,,,,,,,,,,,
822,12841,2022,,,,,,,,,,,,,,,,,,,,,,,,,,,,,
823,12855,2022,,,,,,,,,,,,,,,,,,,,,,,,,,,,,
824,19195,2022,,,,,,,,,,,,,,,,,,,,,,,,,,,,,
825,20316,2022,,,,,,,,,,,,,,,,,,,,,,,,,,,,,
826,36797,2022,,,,,,,,,,,,,,,,,,,,,,,,,,,,,
827,10224,2022,,,,,,,,,,,,,,,,,,,,,,,,,,,,,
828,32097,2022,,,,,,,,,,,,,,,,,,,,,,,,,,,,,
829,45002,2022,,,,,,,,,,,,,,,,,,,,,,,,,,,,,
830,29556,2022,,,,,,,,,,,,,,,,,,,,,,,,,,,,,
831,20915,2022,,,,,,,,,,,,,,,,,,,,,,,,,,,,,
832,11809,2022,,,,,,,,,,,,,,,,,,,,,,,,,,,,,
833,30297,2022,,,,,,,,,,,,,,,,,,,,,,,,,,,,,
834,33177,2022,,,,,,,,,,,,,,,,,,,,,,,,,,,,,
835,13803,2022,,,,,,,,,,,,,,,,,,,,,,,,,,,,,
836,12476,2022,,,,,,,,,,,,,,,,,,,,,,,,,,,,,
837,34037,2022,,,,,,,,,,,,,,,,,,,,,,,,,,,,,
838,16055,2022,,,,,,,,,,,,,,,,,,,,,,,,,,,,,
839,10837,2022,,,,,,,,,,,,,,,,,,,,,,,,,,,,,
840,11719,2022,,,,,,,,,,,,,,,,,,,,,,,,,,,,,
841,13308,2022,,,,,,,,,,,,,,,,,,,,,,,,,,,,,
842,10614,2022,,,,,,,,,,,,,,,,,,,,,,,,,,,,,
843,13551,2022,,,,,,,,,,,,,,,,,,,,,,,,,,,,,
844,21676,2022,,,,,,,,,,,,,,,,,,,,,,,,,,,,,
845,10764,2022,,,,,,,,,,,,,,,,,,,,,,,,,,,,,
846,12239,2022,,,,,,,,,,,,,,,,,,,,,,,,,,,,,
847,12652,2022,,,,,,,,,,,,,,,,,,,,,,,,,,,,,
848,30016,2022,,,,,,,,,,,,,,,,,,,,,,,,,,,,,
849,25935,2022,,,,,,,,,,,,,,,,,,,,,,,,,,,,,
850,14040,2022,,,,,,,,,,,,,,,,,,,,,,,,,,,,,
851,45070,2022,,,,,,,,,,,,,,,,,,,,,,,,,,,,,
852,11444,2022,,,,,,,,,,,,,,,,,,,,,,,,,,,,,
853,11633,2022,,,,,,,,,,,,,,,,,,,,,,,,,,,,,
854,14681,2022,,,,,,,,,,,,,,,,,,,,,,,,,,,,,
855,13222,2022,,,,,,,,,,,,,,,,,,,,,,,,,,,,,
856,13595,2022,,,,,,,,,,,,,,,,,,,,,,,,,,,,,
857,32518,2022,,,,,,,,,,,,,,,,,,,,,,,,,,,,,
858,10837,2022,,,,,,,,,,,,,,,,,,,,,,,,,,,,,
859,38897,2022,,,,,,,,,,,,,,,,,,,,,,,,,,,,,
860,32657,2022,,,,,,,,,,,,,,,,,,,,,,,,,,,,,
861,22775,2022,,,,,,,,,,,,,,,,,,,,,,,,,,,,,
862,18217,2022,,,,,,,,,,,,,,,,,,,,,,,,,,,,,
863,18217,2022,,,,,,,,,,,,,,,,,,,,,,,,,,,,,
864,19356,2022,,,,,,,,,,,,,,,,,,,,,,,,,,,,,
865,11863,2022,,,,,,,,,,,,,,,,,,,,,,,,,,,,,
866,11074,2022,,,,,,,,,,,,,,,,,,,,,,,,,,,,,
867,13792,2022,,,,,,,,,,,,,,,,,,,,,,,,,,,,,
868,13831,2022,,,,,,,,,,,,,,,,,,,,,,,,,,,,,
869,12213,2022,,,,,,,,,,,,,,,,,,,,,,,,,,,,,
870,12499,2022,,,,,,,,,,,,,,,,,,,,,,,,,,,,,
871,20576,2022,,,,,,,,,,,,,,,,,,,,,,,,,,,,,
872,13574,2022,,,,,,,,,,,,,,,,,,,,,,,,,,,,,
873,11840,2022,,,,,,,,,,,,,,,,,,,,,,,,,,,,,
874,21337,2022,,,,,,,,,,,,,,,,,,,,,,,,,,,,,
875,35377,2022,,,,,,,,,,,,,,,,,,,,,,,,,,,,,
876,15860,2022,,,,,,,,,,,,,,,,,,,,,,,,,,,,,
877,15860,2022,,,,,,,,,,,,,,,,,,,,,,,,,,,,,
878,39197,2022,,,,,,,,,,,,,,,,,,,,,,,,,,,,,
879,32217,2022,,,,,,,,,,,,,,,,,,,,,,,,,,,,,
880,11499,2022,,,,,,,,,,,,,,,,,,,,,,,,,,,,,
881,10287,2022,,,,,,,,,,,,,,,,,,,,,,,,,,,,,
882,24975,2022,,,,,,,,,,,,,,,,,,,,,,,,,,,,,
883,15860,2022,,,,,,,,,,,,,,,,,,,,,,,,,,,,,
884,10390,2022,,,,,,,,,,,,,,,,,,,,,,,,,,,,,
885,10390,2022,,,,,,,,,,,,,,,,,,,,,,,,,,,,,
886,34157,2022,,,,,,,,,,,,,,,,,,,,,,,,,,,,,
887,28196,2022,,,,,,,,,,,,,,,,,,,,,,,,,,,,,
888,11714,2022,,,,,,,,,,,,,,,,,,,,,,,,,,,,,
889,13327,2022,,,,,,,,,,,,,,,,,,,,,,,,,,,,,
890,10418,2022,,,,,,,,,,,,,,,,,,,,,,,,,,,,,
891,12686,2022,,,,,,,,,,,,,,,,,,,,,,,,,,,,,
892,10041,2022,,,,,,,,,,,,,,,,,,,,,,,,,,,,,
893,13482,2022,,,,,,,,,,,,,,,,,,,,,,,,,,,,,
894,36457,2022,,,,,,,,,,,,,,,,,,,,,,,,,,,,,
895,35997,2022,,,,,,,,,,,,,,,,,,,,,,,,,,,,,
896,13813,2022,,,,,,,,,,,,,,,,,,,,,,,,,,,,,
897,11775,2022,,,,,,,,,,,,,,,,,,,,,,,,,,,,,
898,30216,2022,,,,,,,,,,,,,,,,,,,,,,,,,,,,,
899,45129,2022,,,,,,,,,,,,,,,,,,,,,,,,,,,,,
900,27696,2022,,,,,,,,,,,,,,,,,,,,,,,,,,,,,
901,12727,2022,,,,,,,,,,,,,,,,,,,,,,,,,,,,,
902,35777,2022,,,,,,,,,,,,,,,,,,,,,,,,,,,,,
903,28616,2022,,,,,,,,,,,,,,,,,,,,,,,,,,,,,
904,11196,2022,,,,,,,,,,,,,,,,,,,,,,,,,,,,,
905,11803,2022,,,,,,,,,,,,,,,,,,,,,,,,,,,,,
906,20595,2022,,,,,,,,,,,,,,,,,,,,,,,,,,,,,
907,30076,2022,,,,,,,,,,,,,,,,,,,,,,,,,,,,,
908,13234,2022,,,,,,,,,,,,,,,,,,,,,,,,,,,,,
909,34657,2022,,,,,,,,,,,,,,,,,,,,,,,,,,,,,
910,10989,2022,,,,,,,,,,,,,,,,,,,,,,,,,,,,,
911,38957,2022,,,,,,,,,,,,,,,,,,,,,,,,,,,,,
912,15460,2022,,,,,,,,,,,,,,,,,,,,,,,,,,,,,
913,12422,2022,,,,,,,,,,,,,,,,,,,,,,,,,,,,,
914,10080,2022,,,,,,,,,,,,,,,,,,,,,,,,,,,,,
915,21775,2022,,,,,,,,,,,,,,,,,,,,,,,,,,,,,
916,10898,2022,,,,,,,,,,,,,,,,,,,,,,,,,,,,,
917,12732,2022,,,,,,,,,,,,,,,,,,,,,,,,,,,,,
918,12333,2022,,,,,,,,,,,,,,,,,,,,,,,,,,,,,
919,12993,2022,,,,,,,,,,,,,,,,,,,,,,,,,,,,,
920,39357,2022,,,,,,,,,,,,,,,,,,,,,,,,,,,,,
921,25455,2022,,,,,,,,,,,,,,,,,,,,,,,,,,,,,
922,34317,2022,,,,,,,,,,,,,,,,,,,,,,,,,,,,,
923,34457,2022,,,,,,,,,,,,,,,,,,,,,,,,,,,,,
924,11928,2022,,,,,,,,,,,,,,,,,,,,,,,,,,,,,
925,13502,2022,,,,,,,,,,,,,,,,,,,,,,,,,,,,,
926,11791,2022,,,,,,,,,,,,,,,,,,,,,,,,,,,,,
927,16497,2022,,,,,,,,,,,,,,,,,,,,,,,,,,,,,
928,11116,2022,,,,,,,,,,,,,,,,,,,,,,,,,,,,,
929,24715,2022,,,,,,,,,,,,,,,,,,,,,,,,,,,,,
930,34637,2022,,,,,,,,,,,,,,,,,,,,,,,,,,,,,
931,11767,2022,,,,,,,,,,,,,,,,,,,,,,,,,,,,,
932,26295,2022,,,,,,,,,,,,,,,,,,,,,,,,,,,,,
933,45081,2022,,,,,,,,,,,,,,,,,,,,,,,,,,,,,
934,12380,2022,,,,,,,,,,,,,,,,,,,,,,,,,,,,,
935,12380,2022,,,,,,,,,,,,,,,,,,,,,,,,,,,,,
936,13002,2022,,,,,,,,,,,,,,,,,,,,,,,,,,,,,
937,11238,2022,,,,,,,,,,,,,,,,,,,,,,,,,,,,,
938,13055,2022,,,,,,,,,,,,,,,,,,,,,,,,,,,,,
939,45009,2022,,,,,,,,,,,,,,,,,,,,,,,,,,,,,
940,45118,2022,,,,,,,,,,,,,,,,,,,,,,,,,,,,,
941,20559,2022,,,,,,,,,,,,,,,,,,,,,,,,,,,,,
942,33557,2022,,,,,,,,,,,,,,,,,,,,,,,,,,,,,
943,28036,2022,,,,,,,,,,,,,,,,,,,,,,,,,,,,,
944,12822,2022,,,,,,,,,,,,,,,,,,,,,,,,,,,,,
945,11077,2022,,,,,,,,,,,,,,,,,,,,,,,,,,,,,
946,11558,2022,,,,,,,,,,,,,,,,,,,,,,,,,,,,,
947,37297,2022,,,,,,,,,,,,,,,,,,,,,,,,,,,,,
948,15957,2022,,,,,,,,,,,,,,,,,,,,,,,,,,,,,
949,45124,2022,,,,,,,,,,,,,,,,,,,,,,,,,,,,,
950,22695,2022,,,,,,,,,,,,,,,,,,,,,,,,,,,,,
951,25735,2022,,,,,,,,,,,,,,,,,,,,,,,,,,,,,
952,28476,2022,,,,,,,,,,,,,,,,,,,,,,,,,,,,,
953,11438,2022,,,,,,,,,,,,,,,,,,,,,,,,,,,,,
954,33777,2022,,,,,,,,,,,,,,,,,,,,,,,,,,,,,
955,45122,2022,,,,,,,,,,,,,,,,,,,,,,,,,,,,,
956,12623,2022,,,,,,,,,,,,,,,,,,,,,,,,,,,,,
957,19355,2022,,,,,,,,,,,,,,,,,,,,,,,,,,,,,
958,11327,2022,,,,,,,,,,,,,,,,,,,,,,,,,,,,,
959,11350,2022,,,,,,,,,,,,,,,,,,,,,,,,,,,,,
960,12416,2022,,,,,,,,,,,,,,,,,,,,,,,,,,,,,
961,13340,2022,,,,,,,,,,,,,,,,,,,,,,,,,,,,,
962,10246,2022,,,,,,,,,,,,,,,,,,,,,,,,,,,,,
963,10246,2022,,,,,,,,,,,,,,,,,,,,,,,,,,,,,
964,12744,2022,,,,,,,,,,,,,,,,,,,,,,,,,,,,,
965,12744,2022,,,,,,,,,,,,,,,,,,,,,,,,,,,,,
966,13085,2022,,,,,,,,,,,,,,,,,,,,,,,,,,,,,
967,26675,2022,,,,,,,,,,,,,,,,,,,,,,,,,,,,,
968,26675,2022,,,,,,,,,,,,,,,,,,,,,,,,,,,,,
969,30857,2022,,,,,,,,,,,,,,,,,,,,,,,,,,,,,
970,13699,2022,,,,,,,,,,,,,,,,,,,,,,,,,,,,,
971,12870,2022,,,,,,,,,,,,,,,,,,,,,,,,,,,,,
972,19098,2022,,,,,,,,,,,,,,,,,,,,,,,,,,,,,
973,12701,2022,,,,,,,,,,,,,,,,,,,,,,,,,,,,,
974,34257,2022,,,,,,,,,,,,,,,,,,,,,,,,,,,,,
975,13012,2022,,,,,,,,,,,,,,,,,,,,,,,,,,,,,
976,23056,2022,,,,,,,,,,,,,,,,,,,,,,,,,,,,,
977,14086,2022,,,,,,,,,,,,,,,,,,,,,,,,,,,,,
978,11562,2022,,,,,,,,,,,,,,,,,,,,,,,,,,,,,
979,13742,2022,,,,,,,,,,,,,,,,,,,,,,,,,,,,,
980,13179,2022,,,,,,,,,,,,,,,,,,,,,,,,,,,,,
981,10120,2022,,,,,,,,,,,,,,,,,,,,,,,,,,,,,
982,11927,2022,,,,,,,,,,,,,,,,,,,,,,,,,,,,,
983,11927,2022,,,,,,,,,,,,,,,,,,,,,,,,,,,,,
984,35977,2022,,,,,,,,,,,,,,,,,,,,,,,,,,,,,
985,11745,2022,,,,,,,,,,,,,,,,,,,,,,,,,,,,,
986,13632,2022,,,,,,,,,,,,,,,,,,,,,,,,,,,,,
987,10990,2022,,,,,,,,,,,,,,,,,,,,,,,,,,,,,
988,36497,2022,,,,,,,,,,,,,,,,,,,,,,,,,,,,,
989,10840,2022,,,,,,,,,,,,,,,,,,,,,,,,,,,,,
990,13317,2022,,,,,,,,,,,,,,,,,,,,,,,,,,,,,
991,10262,2022,,,,,,,,,,,,,,,,,,,,,,,,,,,,,
992,31977,2022,,,,,,,,,,,,,,,,,,,,,,,,,,,,,
993,10823,2022,,,,,,,,,,,,,,,,,,,,,,,,,,,,,
994,12392,2022,,,,,,,,,,,,,,,,,,,,,,,,,,,,,
995,29056,2022,,,,,,,,,,,,,,,,,,,,,,,,,,,,,
996,28396,2022,,,,,,,,,,,,,,,,,,,,,,,,,,,,,
997,12212,2022,,,,,,,,,,,,,,,,,,,,,,,,,,,,,
998,10258,2022,,,,,,,,,,,,,,,,,,,,,,,,,,,,,
999,12966,2022,,,,,,,,,,,,,,,,,,,,,,,,,,,,,
1000,29996,2022,,,,,,,,,,,,,,,,,,,,,,,,,,,,,
1001,45044,2022,,,,,,,,,,,,,,,,,,,,,,,,,,,,,
1002,45066,2022,,,,,,,,,,,,,,,,,,,,,,,,,,,,,
1003,14076,2022,,,,,,,,,,,,,,,,,,,,,,,,,,,,,
1004,35317,2022,,,,,,,,,,,,,,,,,,,,,,,,,,,,,
1005,14039,2022,,,,,,,,,,,,,,,,,,,,,,,,,,,,,
1006,11410,2022,,,,,,,,,,,,,,,,,,,,,,,,,,,,,
1007,11410,2022,,,,,,,,,,,,,,,,,,,,,,,,,,,,,
1008,13876,2022,,,,,,,,,,,,,,,,,,,,,,,,,,,,,
1009,12022,2022,,,,,,,,,,,,,,,,,,,,,,,,,,,,,
1010,12079,2022,,,,,,,,,,,,,,,,,,,,,,,,,,,,,
1011,14435,2022,,,,,,,,,,,,,,,,,,,,,,,,,,,,,
1012,28996,2022,,,,,,,,,,,,,,,,,,,,,,,,,,,,,
1013,12342,2022,,,,,,,,,,,,,,,,,,,,,,,,,,,,,
1014,12341,2022,,,,,,,,,,,,,,,,,,,,,,,,,,,,,
1015,12719,2022,,,,,,,,,,,,,,,,,,,,,,,,,,,,,
1016,40137,2022,,,,,,,,,,,,,,,,,,,,,,,,,,,,,
1017,14556,2022,,,,,,,,,,,,,,,,,,,,,,,,,,,,,
1018,16216,2022,,,,,,,,,,,,,,,,,,,,,,,,,,,,,
1019,12545,2022,,,,,,,,,,,,,,,,,,,,,,,,,,,,,
1020,12545,2022,,,,,,,,,,,,,,,,,,,,,,,,,,,,,
1021,11887,2022,,,,,,,,,,,,,,,,,,,,,,,,,,,,,
1022,33277,2022,,,,,,,,,,,,,,,,,,,,,,,,,,,,,
1023,13549,2022,,,,,,,,,,,,,,,,,,,,,,,,,,,,,
1024,36757,2022,,,,,,,,,,,,,,,,,,,,,,,,,,,,,
1025,26275,2022,,,,,,,,,,,,,,,,,,,,,,,,,,,,,
1026,10963,2022,,,,,,,,,,,,,,,,,,,,,,,,,,,,,
1027,45110,2022,,,,,,,,,,,,,,,,,,,,,,,,,,,,,
1028,27075,2022,,,,,,,,,,,,,,,,,,,,,,,,,,,,,
1029,12974,2022,,,,,,,,,,,,,,,,,,,,,,,,,,,,,
1030,14043,2022,,,,,,,,,,,,,,,,,,,,,,,,,,,,,
1031,10292,2022,,,,,,,,,,,,,,,,,,,,,,,,,,,,,
1032,12978,2022,,,,,,,,,,,,,,,,,,,,,,,,,,,,,
1033,33337,2022,,,,,,,,,,,,,,,,,,,,,,,,,,,,,
1034,32057,2022,,,,,,,,,,,,,,,,,,,,,,,,,,,,,
1035,30237,2022,,,,,,,,,,,,,,,,,,,,,,,,,,,,,
1036,26036,2022,,,,,,,,,,,,,,,,,,,,,,,,,,,,,
1037,12385,2022,,,,,,,,,,,,,,,,,,,,,,,,,,,,,
1038,45024,2022,,,,,,,,,,,,,,,,,,,,,,,,,,,,,
1039,12633,2022,,,,,,,,,,,,,,,,,,,,,,,,,,,,,
1040,12127,2022,,,,,,,,,,,,,,,,,,,,,,,,,,,,,
1041,14682,2022,,,,,,,,,,,,,,,,,,,,,,,,,,,,,
1042,35477,2022,,,,,,,,,,,,,,,,,,,,,,,,,,,,,
1043,12331,2022,,,,,,,,,,,,,,,,,,,,,,,,,,,,,
1044,10232,2022,,,,,,,,,,,,,,,,,,,,,,,,,,,,,
1045,12370,2022,,,,,,,,,,,,,,,,,,,,,,,,,,,,,
1046,12134,2022,,,,,,,,,,,,,,,,,,,,,,,,,,,,,
1047,32977,2022,,,,,,,,,,,,,,,,,,,,,,,,,,,,,
1048,36577,2022,,,,,,,,,,,,,,,,,,,,,,,,,,,,,
1049,10611,2022,,,,,,,,,,,,,,,,,,,,,,,,,,,,,
1050,13685,2022,,,,,,,,,,,,,,,,,,,,,,,,,,,,,
1051,15516,2022,,,,,,,,,,,,,,,,,,,,,,,,,,,,,
1052,13550,2022,,,,,,,,,,,,,,,,,,,,,,,,,,,,,
1053,10093,2022,,,,,,,,,,,,,,,,,,,,,,,,,,,,,
1054,11810,2022,,,,,,,,,,,,,,,,,,,,,,,,,,,,,
1055,11807,2022,,,,,,,,,,,,,,,,,,,,,,,,,,,,,
1056,10814,2022,,,,,,,,,,,,,,,,,,,,,,,,,,,,,
1057,20397,2022,,,,,,,,,,,,,,,,,,,,,,,,,,,,,
1058,13139,2022,,,,,,,,,,,,,,,,,,,,,,,,,,,,,
1059,22555,2022,,,,,,,,,,,,,,,,,,,,,,,,,,,,,
1060,31037,2022,,,,,,,,,,,,,,,,,,,,,,,,,,,,,
1061,15315,2022,,,,,,,,,,,,,,,,,,,,,,,,,,,,,
1062,10137,2022,,,,,,,,,,,,,,,,,,,,,,,,,,,,,
1063,21915,2022,,,,,,,,,,,,,,,,,,,,,,,,,,,,,
1064,12151,2022,,,,,,,,,,,,,,,,,,,,,,,,,,,,,
1065,10156,2022,,,,,,,,,,,,,,,,,,,,,,,,,,,,,
1066,36117,2022,,,,,,,,,,,,,,,,,,,,,,,,,,,,,
1067,38517,2022,,,,,,,,,,,,,,,,,,,,,,,,,,,,,
1068,10447,2022,,,,,,,,,,,,,,,,,,,,,,,,,,,,,
1069,13477,2022,,,,,,,,,,,,,,,,,,,,,,,,,,,,,
1070,31637,2022,,,,,,,,,,,,,,,,,,,,,,,,,,,,,
1071,28956,2022,,,,,,,,,,,,,,,,,,,,,,,,,,,,,
1072,12904,2022,,,,,,,,,,,,,,,,,,,,,,,,,,,,,
1073,26975,2022,,,,,,,,,,,,,,,,,,,,,,,,,,,,,
1074,21397,2022,,,,,,,,,,,,,,,,,,,,,,,,,,,,,
1075,21397,2022,,,,,,,,,,,,,,,,,,,,,,,,,,,,,
1076,13541,2022,,,,,,,,,,,,,,,,,,,,,,,,,,,,,
1077,18336,2022,,,,,,,,,,,,,,,,,,,,,,,,,,,,,
1078,18659,2022,,,,,,,,,,,,,,,,,,,,,,,,,,,,,
1079,11428,2022,,,,,,,,,,,,,,,,,,,,,,,,,,,,,
1080,34277,2022,,,,,,,,,,,,,,,,,,,,,,,,,,,,,
1081,29596,2022,,,,,,,,,,,,,,,,,,,,,,,,,,,,,
1082,10078,2022,,,,,,,,,,,,,,,,,,,,,,,,,,,,,
1083,12047,2022,,,,,,,,,,,,,,,,,,,,,,,,,,,,,
1084,11899,2022,,,,,,,,,,,,,,,,,,,,,,,,,,,,,
1085,11653,2022,,,,,,,,,,,,,,,,,,,,,,,,,,,,,
1086,26435,2022,,,,,,,,,,,,,,,,,,,,,,,,,,,,,
1087,36257,2022,,,,,,,,,,,,,,,,,,,,,,,,,,,,,
1088,37057,2022,False,,,1-10,1-10,estimert (MinSide) #,TROMS OG FINNMARK,54.0,2022-07-03T00:48:49+02:00,2022-03-22T09:00:00+01:00,Under lusetelling falt slangen som fører fisken tilbake til merden ned slik at 1 stk laks rømte. ,{448F90A9-7DA9-4C75-94EF-3E629FBFE8D4},2022-07-03T00:48:49+02:00,5670.0,MJØSUND VEST,5413.0,88349.0,2569.0,Gjenfangstgarn settes ut rundt merden. ,True,0.0,3.0,3.0,Laks,Del 1,KLARERT,SALTVANN,Salt,12.0
1089,34057,2022,,,,,,,,,,,,,,,,,,,,,,,,,,,,,
1090,11064,2022,,,,,,,,,,,,,,,,,,,,,,,,,,,,,
1091,11066,2022,,,,,,,,,,,,,,,,,,,,,,,,,,,,,
1092,11067,2022,,,,,,,,,,,,,,,,,,,,,,,,,,,,,
1093,11065,2022,,,,,,,,,,,,,,,,,,,,,,,,,,,,,
1094,11772,2022,,,,,,,,,,,,,,,,,,,,,,,,,,,,,
1095,12737,2022,,,,,,,,,,,,,,,,,,,,,,,,,,,,,
1096,13293,2022,,,,,,,,,,,,,,,,,,,,,,,,,,,,,
1097,33837,2022,,,,,,,,,,,,,,,,,,,,,,,,,,,,,
1098,36077,2022,,,,,,,,,,,,,,,,,,,,,,,,,,,,,
1099,11220,2022,,,,,,,,,,,,,,,,,,,,,,,,,,,,,
1100,12107,2022,,,,,,,,,,,,,,,,,,,,,,,,,,,,,
1101,12325,2022,,,,,,,,,,,,,,,,,,,,,,,,,,,,,
1102,10483,2022,,,,,,,,,,,,,,,,,,,,,,,,,,,,,
1103,10877,2022,,,,,,,,,,,,,,,,,,,,,,,,,,,,,
1104,10794,2022,,,,,,,,,,,,,,,,,,,,,,,,,,,,,
1105,29516,2022,,,,,,,,,,,,,,,,,,,,,,,,,,,,,
1106,12105,2022,,,,,,,,,,,,,,,,,,,,,,,,,,,,,
1107,12505,2022,,,,,,,,,,,,,,,,,,,,,,,,,,,,,
1108,30157,2022,,,,,,,,,,,,,,,,,,,,,,,,,,,,,
1109,33657,2022,,,,,,,,,,,,,,,,,,,,,,,,,,,,,
1110,33657,2022,,,,,,,,,,,,,,,,,,,,,,,,,,,,,
1111,45004,2022,,,,,,,,,,,,,,,,,,,,,,,,,,,,,
1112,10858,2022,,,,,,,,,,,,,,,,,,,,,,,,,,,,,
1113,35617,2022,,,,,,,,,,,,,,,,,,,,,,,,,,,,,
1114,45028,2022,,,,,,,,,,,,,,,,,,,,,,,,,,,,,
1115,13629,2022,,,,,,,,,,,,,,,,,,,,,,,,,,,,,
1116,36877,2022,,,,,,,,,,,,,,,,,,,,,,,,,,,,,
1117,27215,2022,,,,,,,,,,,,,,,,,,,,,,,,,,,,,
1118,11332,2022,,,,,,,,,,,,,,,,,,,,,,,,,,,,,
1119,13053,2022,,,,,,,,,,,,,,,,,,,,,,,,,,,,,
1120,33997,2022,,,,,,,,,,,,,,,,,,,,,,,,,,,,,
1121,29957,2022,,,,,,,,,,,,,,,,,,,,,,,,,,,,,
1122,11864,2022,,,,,,,,,,,,,,,,,,,,,,,,,,,,,
1123,10303,2022,,,,,,,,,,,,,,,,,,,,,,,,,,,,,
1124,12612,2022,,,,,,,,,,,,,,,,,,,,,,,,,,,,,
1125,10978,2022,,,,,,,,,,,,,,,,,,,,,,,,,,,,,
1126,20475,2022,,,,,,,,,,,,,,,,,,,,,,,,,,,,,
1127,20475,2022,,,,,,,,,,,,,,,,,,,,,,,,,,,,,
1128,10213,2022,,,,,,,,,,,,,,,,,,,,,,,,,,,,,
1129,34477,2022,,,,,,,,,,,,,,,,,,,,,,,,,,,,,
1130,13221,2022,,,,,,,,,,,,,,,,,,,,,,,,,,,,,
1131,11611,2022,,,,,,,,,,,,,,,,,,,,,,,,,,,,,
1132,24937,2022,,,,,,,,,,,,,,,,,,,,,,,,,,,,,
1133,13716,2022,,,,,,,,,,,,,,,,,,,,,,,,,,,,,
1134,10513,2022,,,,,,,,,,,,,,,,,,,,,,,,,,,,,
1135,29796,2022,,,,,,,,,,,,,,,,,,,,,,,,,,,,,
1136,10362,2022,,,,,,,,,,,,,,,,,,,,,,,,,,,,,
1137,13178,2022,,,,,,,,,,,,,,,,,,,,,,,,,,,,,
1138,13965,2022,,,,,,,,,,,,,,,,,,,,,,,,,,,,,
1139,13965,2022,,,,,,,,,,,,,,,,,,,,,,,,,,,,,
1140,17576,2022,,,,,,,,,,,,,,,,,,,,,,,,,,,,,
1141,11682,2022,,,,,,,,,,,,,,,,,,,,,,,,,,,,,
1142,10301,2022,,,,,,,,,,,,,,,,,,,,,,,,,,,,,
1143,12774,2022,,,,,,,,,,,,,,,,,,,,,,,,,,,,,
1144,11117,2022,,,,,,,,,,,,,,,,,,,,,,,,,,,,,
1145,10765,2022,,,,,,,,,,,,,,,,,,,,,,,,,,,,,
1146,10765,2022,,,,,,,,,,,,,,,,,,,,,,,,,,,,,
1147,10362,2022,,,,,,,,,,,,,,,,,,,,,,,,,,,,,
1148,15659,2022,,,,,,,,,,,,,,,,,,,,,,,,,,,,,
1149,10364,2022,,,,,,,,,,,,,,,,,,,,,,,,,,,,,
1150,23816,2022,,,,,,,,,,,,,,,,,,,,,,,,,,,,,
1151,13713,2022,,,,,,,,,,,,,,,,,,,,,,,,,,,,,
1152,14495,2022,,,,,,,,,,,,,,,,,,,,,,,,,,,,,
1153,45014,2022,,,,,,,,,,,,,,,,,,,,,,,,,,,,,
1154,11129,2022,,,,,,,,,,,,,,,,,,,,,,,,,,,,,
1155,11041,2022,,,,,,,,,,,,,,,,,,,,,,,,,,,,,
1156,11041,2022,,,,,,,,,,,,,,,,,,,,,,,,,,,,,
1157,26315,2022,,,,,,,,,,,,,,,,,,,,,,,,,,,,,
1158,12249,2022,,,,,,,,,,,,,,,,,,,,,,,,,,,,,
1159,12474,2022,,,,,,,,,,,,,,,,,,,,,,,,,,,,,
1160,10375,2022,,,,,,,,,,,,,,,,,,,,,,,,,,,,,
1161,10791,2022,,,,,,,,,,,,,,,,,,,,,,,,,,,,,
1162,31597,2022,,,,,,,,,,,,,,,,,,,,,,,,,,,,,
1163,45105,2022,,,,,,,,,,,,,,,,,,,,,,,,,,,,,
1164,40357,2022,,,,,,,,,,,,,,,,,,,,,,,,,,,,,
1165,13191,2022,,,,,,,,,,,,,,,,,,,,,,,,,,,,,
1166,38277,2022,,,,,,,,,,,,,,,,,,,,,,,,,,,,,
1167,12540,2022,,,,,,,,,,,,,,,,,,,,,,,,,,,,,
1168,19457,2022,,,,,,,,,,,,,,,,,,,,,,,,,,,,,
1169,10039,2022,,,,,,,,,,,,,,,,,,,,,,,,,,,,,
1170,35257,2022,,,,,,,,,,,,,,,,,,,,,,,,,,,,,
1171,33937,2022,,,,,,,,,,,,,,,,,,,,,,,,,,,,,
1172,12649,2022,,,,,,,,,,,,,,,,,,,,,,,,,,,,,
1173,11213,2022,,,,,,,,,,,,,,,,,,,,,,,,,,,,,
1174,27456,2022,,,,,,,,,,,,,,,,,,,,,,,,,,,,,
1175,35897,2022,,,,,,,,,,,,,,,,,,,,,,,,,,,,,
1176,33297,2022,,,,,,,,,,,,,,,,,,,,,,,,,,,,,
1177,13020,2022,,,,,,,,,,,,,,,,,,,,,,,,,,,,,
1178,21355,2022,,,,,,,,,,,,,,,,,,,,,,,,,,,,,
1179,12548,2022,,,,,,,,,,,,,,,,,,,,,,,,,,,,,
1180,45018,2022,,,,,,,,,,,,,,,,,,,,,,,,,,,,,
1181,13940,2022,,,,,,,,,,,,,,,,,,,,,,,,,,,,,
1182,12122,2022,,,,,,,,,,,,,,,,,,,,,,,,,,,,,
1183,10394,2022,,,,,,,,,,,,,,,,,,,,,,,,,,,,,
1184,12110,2022,,,,,,,,,,,,,,,,,,,,,,,,,,,,,
1185,24495,2022,,,,,,,,,,,,,,,,,,,,,,,,,,,,,
1186,34537,2022,,,,,,,,,,,,,,,,,,,,,,,,,,,,,
1187,11921,2022,,,,,,,,,,,,,,,,,,,,,,,,,,,,,
1188,11921,2022,,,,,,,,,,,,,,,,,,,,,,,,,,,,,
1189,11922,2022,,,,,,,,,,,,,,,,,,,,,,,,,,,,,
1190,11922,2022,,,,,,,,,,,,,,,,,,,,,,,,,,,,,
1191,27055,2022,,,,,,,,,,,,,,,,,,,,,,,,,,,,,
1192,15595,2022,,,,,,,,,,,,,,,,,,,,,,,,,,,,,
1193,11168,2022,,,,,,,,,,,,,,,,,,,,,,,,,,,,,
1194,11168,2022,,,,,,,,,,,,,,,,,,,,,,,,,,,,,
1195,11537,2022,,,,,,,,,,,,,,,,,,,,,,,,,,,,,
1196,34757,2022,,,,,,,,,,,,,,,,,,,,,,,,,,,,,
1197,37077,2022,,,,,,,,,,,,,,,,,,,,,,,,,,,,,
1198,10181,2022,,,,,,,,,,,,,,,,,,,,,,,,,,,,,
1199,31697,2022,,,,,,,,,,,,,,,,,,,,,,,,,,,,,
1200,11272,2022,,,,,,,,,,,,,,,,,,,,,,,,,,,,,
1201,30559,2022,,,,,,,,,,,,,,,,,,,,,,,,,,,,,
1202,13614,2022,,,,,,,,,,,,,,,,,,,,,,,,,,,,,
1203,14019,2022,,,,,,,,,,,,,,,,,,,,,,,,,,,,,
1204,11320,2022,,,,,,,,,,,,,,,,,,,,,,,,,,,,,
1205,10795,2022,,,,,,,,,,,,,,,,,,,,,,,,,,,,,
1206,33737,2022,,,,,,,,,,,,,,,,,,,,,,,,,,,,,
1207,12745,2022,,,,,,,,,,,,,,,,,,,,,,,,,,,,,
1208,27876,2022,,,,,,,,,,,,,,,,,,,,,,,,,,,,,
1209,10790,2022,,,,,,,,,,,,,,,,,,,,,,,,,,,,,
1210,15403,2022,,,,,,,,,,,,,,,,,,,,,,,,,,,,,
1211,22995,2022,,,,,,,,,,,,,,,,,,,,,,,,,,,,,
1212,12676,2022,,,,,,,,,,,,,,,,,,,,,,,,,,,,,
1213,38797,2022,,,,,,,,,,,,,,,,,,,,,,,,,,,,,
1214,34337,2022,,,,,,,,,,,,,,,,,,,,,,,,,,,,,
1215,11908,2022,,,,,,,,,,,,,,,,,,,,,,,,,,,,,
1216,28676,2022,,,,,,,,,,,,,,,,,,,,,,,,,,,,,
1217,12071,2022,,,,,,,,,,,,,,,,,,,,,,,,,,,,,
1218,12383,2022,,,,,,,,,,,,,,,,,,,,,,,,,,,,,
1219,10323,2022,,,,,,,,,,,,,,,,,,,,,,,,,,,,,
1220,39977,2022,,,,,,,,,,,,,,,,,,,,,,,,,,,,,
1221,10136,2022,,,,,,,,,,,,,,,,,,,,,,,,,,,,,
1222,16215,2022,,,,,,,,,,,,,,,,,,,,,,,,,,,,,
1223,10197,2022,,,,,,,,,,,,,,,,,,,,,,,,,,,,,
1224,18356,2022,,,,,,,,,,,,,,,,,,,,,,,,,,,,,
1225,19875,2022,,,,,,,,,,,,,,,,,,,,,,,,,,,,,
1226,39937,2022,,,,,,,,,,,,,,,,,,,,,,,,,,,,,
1227,12769,2022,,,,,,,,,,,,,,,,,,,,,,,,,,,,,
1228,17235,2022,,,,,,,,,,,,,,,,,,,,,,,,,,,,,
1229,30518,2022,,,,,,,,,,,,,,,,,,,,,,,,,,,,,
1230,45077,2022,False,,1,1-10,1-10,endelig #,NORDLAND,18.0,2022-07-03T00:48:49+02:00,2022-05-19T10:00:00+02:00,"Menneskelig svikt - uheldig etter håndtering/avliving ""taperfisk"". ",{D812E016-732D-48EA-815C-C495931D0429},2022-07-03T00:49:43+02:00,3600.0,ØRNHAUGNESET,1875.0,88337.0,2581.0,,False,1.0,0.632,0.632,Laks,Del 2,KLARERT,SALTVANN,Salt,20.0
1231,12394,2022,,,,,,,,,,,,,,,,,,,,,,,,,,,,,
1232,24696,2022,,,,,,,,,,,,,,,,,,,,,,,,,,,,,
1233,11088,2022,,,,,,,,,,,,,,,,,,,,,,,,,,,,,
1234,13181,2022,,,,,,,,,,,,,,,,,,,,,,,,,,,,,
1235,13888,2022,,,,,,,,,,,,,,,,,,,,,,,,,,,,,
1236,12180,2022,,,,,,,,,,,,,,,,,,,,,,,,,,,,,
1237,12179,2022,,,,,,,,,,,,,,,,,,,,,,,,,,,,,
1238,12096,2022,,,,,,,,,,,,,,,,,,,,,,,,,,,,,
1239,19655,2022,,,,,,,,,,,,,,,,,,,,,,,,,,,,,
1240,10050,2022,,,,,,,,,,,,,,,,,,,,,,,,,,,,,
1241,13691,2022,,,,,,,,,,,,,,,,,,,,,,,,,,,,,
1242,11004,2022,,,,,,,,,,,,,,,,,,,,,,,,,,,,,
1243,13959,2022,,,,,,,,,,,,,,,,,,,,,,,,,,,,,
1244,11205,2022,,,,,,,,,,,,,,,,,,,,,,,,,,,,,
1245,31397,2022,,,,,,,,,,,,,,,,,,,,,,,,,,,,,
1246,13345,2022,,,,,,,,,,,,,,,,,,,,,,,,,,,,,
1247,40117,2022,,,,,,,,,,,,,,,,,,,,,,,,,,,,,
1248,11738,2022,,,,,,,,,,,,,,,,,,,,,,,,,,,,,
1249,13554,2022,,,,,,,,,,,,,,,,,,,,,,,,,,,,,
1250,20315,2022,,,,,,,,,,,,,,,,,,,,,,,,,,,,,
1251,11378,2022,,,,,,,,,,,,,,,,,,,,,,,,,,,,,
1252,13565,2022,,,,,,,,,,,,,,,,,,,,,,,,,,,,,
1253,19975,2022,,,,,,,,,,,,,,,,,,,,,,,,,,,,,
1254,12032,2022,,,,,,,,,,,,,,,,,,,,,,,,,,,,,
1255,11164,2022,,,,,,,,,,,,,,,,,,,,,,,,,,,,,
1256,11164,2022,,,,,,,,,,,,,,,,,,,,,,,,,,,,,
1257,11677,2022,,,,,,,,,,,,,,,,,,,,,,,,,,,,,
1258,34697,2022,,,,,,,,,,,,,,,,,,,,,,,,,,,,,
1259,33417,2022,,,,,,,,,,,,,,,,,,,,,,,,,,,,,
1260,18257,2022,,,,,,,,,,,,,,,,,,,,,,,,,,,,,
1261,33517,2022,,,,,,,,,,,,,,,,,,,,,,,,,,,,,
1262,11854,2022,,,,,,,,,,,,,,,,,,,,,,,,,,,,,
1263,12569,2022,,,,,,,,,,,,,,,,,,,,,,,,,,,,,
1264,10841,2022,,,,,,,,,,,,,,,,,,,,,,,,,,,,,
1265,13786,2022,,,,,,,,,,,,,,,,,,,,,,,,,,,,,
1266,18255,2022,,,,,,,,,,,,,,,,,,,,,,,,,,,,,
1267,11688,2022,,,,,,,,,,,,,,,,,,,,,,,,,,,,,
1268,11972,2022,,,,,,,,,,,,,,,,,,,,,,,,,,,,,
1269,29676,2022,,,,,,,,,,,,,,,,,,,,,,,,,,,,,
1270,19556,2022,,,,,,,,,,,,,,,,,,,,,,,,,,,,,
1271,45060,2022,,,,,,,,,,,,,,,,,,,,,,,,,,,,,
1272,21520,2022,,,,,,,,,,,,,,,,,,,,,,,,,,,,,
1273,12253,2022,,,,,,,,,,,,,,,,,,,,,,,,,,,,,
1274,10149,2022,,,,,,,,,,,,,,,,,,,,,,,,,,,,,
1275,30637,2022,,,,,,,,,,,,,,,,,,,,,,,,,,,,,
1276,10806,2022,,,,,,,,,,,,,,,,,,,,,,,,,,,,,
1277,10873,2022,,,,,,,,,,,,,,,,,,,,,,,,,,,,,
1278,45029,2022,,,,,,,,,,,,,,,,,,,,,,,,,,,,,
1279,10996,2022,,,,,,,,,,,,,,,,,,,,,,,,,,,,,
1280,11651,2022,,,,,,,,,,,,,,,,,,,,,,,,,,,,,
1281,13581,2022,,,,,,,,,,,,,,,,,,,,,,,,,,,,,
1282,11687,2022,False,,501,10-100,10-100,endelig #,VESTLAND,46.0,2022-07-03T00:48:49+02:00,2022-05-14T08:00:00+02:00,Ukjent,{7F22C4F3-0832-4C9B-B30C-FE82A4BE2D70},2022-07-03T00:49:43+02:00,2500.0,RAMSVIK,4631.0,88352.0,2578.0,110m garn med 63mm maskestørrelse.,True,1.0,2.6,2.8,Regnbueørret,Del 2,KLARERT,SALTVANN,Salt,19.0
1283,12366,2022,,,,,,,,,,,,,,,,,,,,,,,,,,,,,
1284,28636,2022,,,,,,,,,,,,,,,,,,,,,,,,,,,,,
1285,31959,2022,,,,,,,,,,,,,,,,,,,,,,,,,,,,,
1286,31958,2022,,,,,,,,,,,,,,,,,,,,,,,,,,,,,
1287,30817,2022,,,,,,,,,,,,,,,,,,,,,,,,,,,,,
1288,13867,2022,,,,,,,,,,,,,,,,,,,,,,,,,,,,,
1289,12406,2022,,,,,,,,,,,,,,,,,,,,,,,,,,,,,
1290,32997,2022,,,,,,,,,,,,,,,,,,,,,,,,,,,,,
1291,11219,2022,,,,,,,,,,,,,,,,,,,,,,,,,,,,,
1292,33477,2022,,,,,,,,,,,,,,,,,,,,,,,,,,,,,
1293,31777,2022,,,,,,,,,,,,,,,,,,,,,,,,,,,,,
1294,29116,2022,,,,,,,,,,,,,,,,,,,,,,,,,,,,,
1295,12842,2022,,,,,,,,,,,,,,,,,,,,,,,,,,,,,
1296,13789,2022,,,,,,,,,,,,,,,,,,,,,,,,,,,,,
1297,13887,2022,,,,,,,,,,,,,,,,,,,,,,,,,,,,,
1298,37097,2022,,,,,,,,,,,,,,,,,,,,,,,,,,,,,
1299,10086,2022,,,,,,,,,,,,,,,,,,,,,,,,,,,,,
1300,13286,2022,,,,,,,,,,,,,,,,,,,,,,,,,,,,,
1301,11072,2022,,,,,,,,,,,,,,,,,,,,,,,,,,,,,
1302,45140,2022,,,,,,,,,,,,,,,,,,,,,,,,,,,,,
1303,22796,2022,,,,,,,,,,,,,,,,,,,,,,,,,,,,,
1304,17357,2022,,,,,,,,,,,,,,,,,,,,,,,,,,,,,
1305,29896,2022,,,,,,,,,,,,,,,,,,,,,,,,,,,,,
1306,10893,2022,,,,,,,,,,,,,,,,,,,,,,,,,,,,,
1307,34097,2022,,,,,,,,,,,,,,,,,,,,,,,,,,,,,
1308,30657,2022,,,,,,,,,,,,,,,,,,,,,,,,,,,,,
1309,18000,2022,,,,,,,,,,,,,,,,,,,,,,,,,,,,,
1310,24235,2022,,,,,,,,,,,,,,,,,,,,,,,,,,,,,
1311,27395,2022,,,,,,,,,,,,,,,,,,,,,,,,,,,,,
1312,12784,2022,,,,,,,,,,,,,,,,,,,,,,,,,,,,,
1313,11964,2022,,,,,,,,,,,,,,,,,,,,,,,,,,,,,
1314,14795,2022,,,,,,,,,,,,,,,,,,,,,,,,,,,,,
1315,12832,2022,,,,,,,,,,,,,,,,,,,,,,,,,,,,,
1316,21495,2022,,,,,,,,,,,,,,,,,,,,,,,,,,,,,
1317,21176,2022,,,,,,,,,,,,,,,,,,,,,,,,,,,,,
1318,10822,2022,,,,,,,,,,,,,,,,,,,,,,,,,,,,,
1319,36957,2022,,,,,,,,,,,,,,,,,,,,,,,,,,,,,
1320,36977,2022,,,,,,,,,,,,,,,,,,,,,,,,,,,,,
1321,13804,2022,,,,,,,,,,,,,,,,,,,,,,,,,,,,,
1322,12281,2022,,,,,,,,,,,,,,,,,,,,,,,,,,,,,
1323,19800,2022,,,,,,,,,,,,,,,,,,,,,,,,,,,,,
1324,12867,2022,,,,,,,,,,,,,,,,,,,,,,,,,,,,,
1325,27596,2022,,,,,,,,,,,,,,,,,,,,,,,,,,,,,
1326,29276,2022,,,,,,,,,,,,,,,,,,,,,,,,,,,,,
1327,10393,2022,,,,,,,,,,,,,,,,,,,,,,,,,,,,,
1328,12209,2022,,,,,,,,,,,,,,,,,,,,,,,,,,,,,
1329,14855,2022,,,,,,,,,,,,,,,,,,,,,,,,,,,,,
1330,39397,2022,,,,,,,,,,,,,,,,,,,,,,,,,,,,,
1331,19517,2022,,,,,,,,,,,,,,,,,,,,,,,,,,,,,
1332,45030,2022,,,,,,,,,,,,,,,,,,,,,,,,,,,,,
1333,45031,2022,,,,,,,,,,,,,,,,,,,,,,,,,,,,,
1334,45063,2022,,,,,,,,,,,,,,,,,,,,,,,,,,,,,
1335,12018,2022,,,,,,,,,,,,,,,,,,,,,,,,,,,,,
1336,12003,2022,,,,,,,,,,,,,,,,,,,,,,,,,,,,,
1337,12126,2022,,,,,,,,,,,,,,,,,,,,,,,,,,,,,
1338,11122,2022,,,,,,,,,,,,,,,,,,,,,,,,,,,,,
1339,11125,2022,,,,,,,,,,,,,,,,,,,,,,,,,,,,,
1340,10475,2022,,,,,,,,,,,,,,,,,,,,,,,,,,,,,
1341,11883,2022,,,,,,,,,,,,,,,,,,,,,,,,,,,,,
1342,11770,2022,,,,,,,,,,,,,,,,,,,,,,,,,,,,,
1343,21956,2022,,,,,,,,,,,,,,,,,,,,,,,,,,,,,
1344,11430,2022,,,,,,,,,,,,,,,,,,,,,,,,,,,,,
1345,31097,2022,,,,,,,,,,,,,,,,,,,,,,,,,,,,,
1346,10412,2022,,,,,,,,,,,,,,,,,,,,,,,,,,,,,
1347,12298,2022,,,,,,,,,,,,,,,,,,,,,,,,,,,,,
1348,13887,2022,,,,,,,,,,,,,,,,,,,,,,,,,,,,,
1349,11431,2022,,,,,,,,,,,,,,,,,,,,,,,,,,,,,
1350,13265,2022,,,,,,,,,,,,,,,,,,,,,,,,,,,,,
1351,37197,2022,False,,,0,0,estimert #,TRØNDELAG,50.0,2022-07-03T00:48:49+02:00,2022-06-28T00:15:00+02:00,Foreløpig uavklart. ,{ABFC971D-496B-4973-A9B5-A6405A0CE242},2022-07-03T00:48:49+02:00,6240.0,RUGGSTEIN,5014.0,88360.0,2598.0,Satt beredskapsgarn fra lokalitetsdepot rundt aktuelle merd og avlusingsrigg. ,True,0.0,4.93,4.93,Laks,Del 1,KLARERT,SALTVANN,Salt,26.0
1352,13612,2022,,,,,,,,,,,,,,,,,,,,,,,,,,,,,
1353,12794,2022,,,,,,,,,,,,,,,,,,,,,,,,,,,,,
1354,13612,2022,,,,,,,,,,,,,,,,,,,,,,,,,,,,,
1355,16015,2022,,,,,,,,,,,,,,,,,,,,,,,,,,,,,
1356,37037,2022,,,,,,,,,,,,,,,,,,,,,,,,,,,,,
1357,15519,2022,,,,,,,,,,,,,,,,,,,,,,,,,,,,,
1358,10076,2022,,,,,,,,,,,,,,,,,,,,,,,,,,,,,
1359,11817,2022,,,,,,,,,,,,,,,,,,,,,,,,,,,,,
1360,10076,2022,,,,,,,,,,,,,,,,,,,,,,,,,,,,,
1361,35737,2022,,,,,,,,,,,,,,,,,,,,,,,,,,,,,
1362,12639,2022,,,,,,,,,,,,,,,,,,,,,,,,,,,,,
1363,13671,2022,,,,,,,,,,,,,,,,,,,,,,,,,,,,,
1364,10141,2022,,,,,,,,,,,,,,,,,,,,,,,,,,,,,
1365,12813,2022,,,,,,,,,,,,,,,,,,,,,,,,,,,,,
1366,13249,2022,,,,,,,,,,,,,,,,,,,,,,,,,,,,,
1367,15235,2022,,,,,,,,,,,,,,,,,,,,,,,,,,,,,
1368,12131,2022,,,,,,,,,,,,,,,,,,,,,,,,,,,,,
1369,32137,2022,,,,,,,,,,,,,,,,,,,,,,,,,,,,,
1370,13183,2022,,,,,,,,,,,,,,,,,,,,,,,,,,,,,
1371,12460,2022,,,,,,,,,,,,,,,,,,,,,,,,,,,,,
1372,28216,2022,,,,,,,,,,,,,,,,,,,,,,,,,,,,,
1373,10328,2022,,,,,,,,,,,,,,,,,,,,,,,,,,,,,
1374,12474,2022,,,,,,,,,,,,,,,,,,,,,,,,,,,,,
1375,30957,2022,,,,,,,,,,,,,,,,,,,,,,,,,,,,,
1376,13597,2022,,,,,,,,,,,,,,,,,,,,,,,,,,,,,
1377,36357,2022,,,,,,,,,,,,,,,,,,,,,,,,,,,,,
1378,34857,2022,True,,,0,0,estimert #,TRØNDELAG,50.0,2022-07-03T00:48:49+02:00,2022-06-28T12:00:00+02:00,Under gransking,{E6C3BCDE-EE0B-41CF-A209-E537260577C0},2022-07-03T00:48:49+02:00,6240.0,SALATSKJÆRA,5014.0,88361.0,2599.0,Avventer ev fangst.,True,0.0,5.633,5.633,Laks,Del 1,KLARERT,SALTVANN,Salt,26.0
1379,13180,2022,,,,,,,,,,,,,,,,,,,,,,,,,,,,,
1380,13740,2022,,,,,,,,,,,,,,,,,,,,,,,,,,,,,
1381,13516,2022,,,,,,,,,,,,,,,,,,,,,,,,,,,,,
1382,12973,2022,,,,,,,,,,,,,,,,,,,,,,,,,,,,,
1383,12019,2022,,,,,,,,,,,,,,,,,,,,,,,,,,,,,
1384,13748,2022,,,,,,,,,,,,,,,,,,,,,,,,,,,,,
1385,25955,2022,,,,,,,,,,,,,,,,,,,,,,,,,,,,,
1386,13650,2022,,,,,,,,,,,,,,,,,,,,,,,,,,,,,
1387,28516,2022,,,,,,,,,,,,,,,,,,,,,,,,,,,,,
1388,11856,2022,,,,,,,,,,,,,,,,,,,,,,,,,,,,,
1389,10215,2022,,,,,,,,,,,,,,,,,,,,,,,,,,,,,
1390,11413,2022,,,,,,,,,,,,,,,,,,,,,,,,,,,,,
1391,10170,2022,,,,,,,,,,,,,,,,,,,,,,,,,,,,,
1392,20096,2022,,,,,,,,,,,,,,,,,,,,,,,,,,,,,
1393,31677,2022,,,,,,,,,,,,,,,,,,,,,,,,,,,,,
1394,39237,2022,,,,,,,,,,,,,,,,,,,,,,,,,,,,,
1395,12884,2022,,,,,,,,,,,,,,,,,,,,,,,,,,,,,
1396,13296,2022,,,,,,,,,,,,,,,,,,,,,,,,,,,,,
1397,36477,2022,,,,,,,,,,,,,,,,,,,,,,,,,,,,,
1398,35417,2022,,,,,,,,,,,,,,,,,,,,,,,,,,,,,
1399,19135,2022,,,,,,,,,,,,,,,,,,,,,,,,,,,,,
1400,12995,2022,,,,,,,,,,,,,,,,,,,,,,,,,,,,,
1401,45013,2022,,,,,,,,,,,,,,,,,,,,,,,,,,,,,
1402,11888,2022,,,,,,,,,,,,,,,,,,,,,,,,,,,,,
1403,28416,2022,,,,,,,,,,,,,,,,,,,,,,,,,,,,,
1404,10914,2022,,,,,,,,,,,,,,,,,,,,,,,,,,,,,
1405,13243,2022,,,,,,,,,,,,,,,,,,,,,,,,,,,,,
1406,15462,2022,,,,,,,,,,,,,,,,,,,,,,,,,,,,,
1407,13035,2022,,,,,,,,,,,,,,,,,,,,,,,,,,,,,
1408,16195,2022,,,,,,,,,,,,,,,,,,,,,,,,,,,,,
1409,11758,2022,,,,,,,,,,,,,,,,,,,,,,,,,,,,,
1410,11758,2022,,,,,,,,,,,,,,,,,,,,,,,,,,,,,
1411,13641,2022,,,,,,,,,,,,,,,,,,,,,,,,,,,,,
1412,13641,2022,,,,,,,,,,,,,,,,,,,,,,,,,,,,,
1413,33317,2022,,,,,,,,,,,,,,,,,,,,,,,,,,,,,
1414,33317,2022,,,,,,,,,,,,,,,,,,,,,,,,,,,,,
1415,19855,2022,,,,,,,,,,,,,,,,,,,,,,,,,,,,,
1416,17015,2022,,,,,,,,,,,,,,,,,,,,,,,,,,,,,
1417,34597,2022,,,,,,,,,,,,,,,,,,,,,,,,,,,,,
1418,13141,2022,,,,,,,,,,,,,,,,,,,,,,,,,,,,,
1419,10398,2022,,,,,,,,,,,,,,,,,,,,,,,,,,,,,
1420,37857,2022,,,,,,,,,,,,,,,,,,,,,,,,,,,,,
1421,13706,2022,,,,,,,,,,,,,,,,,,,,,,,,,,,,,
1422,14837,2022,,,,,,,,,,,,,,,,,,,,,,,,,,,,,
1423,36517,2022,,,,,,,,,,,,,,,,,,,,,,,,,,,,,
1424,18876,2022,,,,,,,,,,,,,,,,,,,,,,,,,,,,,
1425,45064,2022,,,,,,,,,,,,,,,,,,,,,,,,,,,,,
1426,12695,2022,,,,,,,,,,,,,,,,,,,,,,,,,,,,,
1427,12390,2022,,,,,,,,,,,,,,,,,,,,,,,,,,,,,
1428,30877,2022,,,,,,,,,,,,,,,,,,,,,,,,,,,,,
1429,12844,2022,,,,,,,,,,,,,,,,,,,,,,,,,,,,,
1430,12244,2022,,,,,,,,,,,,,,,,,,,,,,,,,,,,,
1431,33017,2022,,,,,,,,,,,,,,,,,,,,,,,,,,,,,
1432,33017,2022,,,,,,,,,,,,,,,,,,,,,,,,,,,,,
1433,25735,2022,,,,,,,,,,,,,,,,,,,,,,,,,,,,,
1434,39577,2022,,,,,,,,,,,,,,,,,,,,,,,,,,,,,
1435,10070,2022,,,,,,,,,,,,,,,,,,,,,,,,,,,,,
1436,24115,2022,,,,,,,,,,,,,,,,,,,,,,,,,,,,,
1437,13530,2022,,,,,,,,,,,,,,,,,,,,,,,,,,,,,
1438,12917,2022,,,,,,,,,,,,,,,,,,,,,,,,,,,,,
1439,12892,2022,,,,,,,,,,,,,,,,,,,,,,,,,,,,,
1440,13284,2022,,,,,,,,,,,,,,,,,,,,,,,,,,,,,
1441,18898,2022,,,,,,,,,,,,,,,,,,,,,,,,,,,,,
1442,12186,2022,,,,,,,,,,,,,,,,,,,,,,,,,,,,,
1443,20515,2022,,,,,,,,,,,,,,,,,,,,,,,,,,,,,
1444,11540,2022,,,,,,,,,,,,,,,,,,,,,,,,,,,,,
1445,11540,2022,,,,,,,,,,,,,,,,,,,,,,,,,,,,,
1446,11138,2022,,,,,,,,,,,,,,,,,,,,,,,,,,,,,
1447,11138,2022,,,,,,,,,,,,,,,,,,,,,,,,,,,,,
1448,26755,2022,,,,,,,,,,,,,,,,,,,,,,,,,,,,,
1449,11636,2022,,,,,,,,,,,,,,,,,,,,,,,,,,,,,
1450,28256,2022,,,,,,,,,,,,,,,,,,,,,,,,,,,,,
1451,13821,2022,,,,,,,,,,,,,,,,,,,,,,,,,,,,,
1452,20796,2022,,,,,,,,,,,,,,,,,,,,,,,,,,,,,
1453,13192,2022,,,,,,,,,,,,,,,,,,,,,,,,,,,,,
1454,10550,2022,,,,,,,,,,,,,,,,,,,,,,,,,,,,,
1455,10216,2022,,,,,,,,,,,,,,,,,,,,,,,,,,,,,
1456,32357,2022,,,,,,,,,,,,,,,,,,,,,,,,,,,,,
1457,12827,2022,,,,,,,,,,,,,,,,,,,,,,,,,,,,,
1458,34137,2022,,,,,,,,,,,,,,,,,,,,,,,,,,,,,
1459,12206,2022,,,,,,,,,,,,,,,,,,,,,,,,,,,,,
1460,11357,2022,,,,,,,,,,,,,,,,,,,,,,,,,,,,,
1461,13898,2022,,,,,,,,,,,,,,,,,,,,,,,,,,,,,
1462,31457,2022,,,,,,,,,,,,,,,,,,,,,,,,,,,,,
1463,16255,2022,,,,,,,,,,,,,,,,,,,,,,,,,,,,,
1464,45050,2022,,,,,,,,,,,,,,,,,,,,,,,,,,,,,
1465,21795,2022,,,,,,,,,,,,,,,,,,,,,,,,,,,,,
1466,14976,2022,,,,,,,,,,,,,,,,,,,,,,,,,,,,,
1467,12066,2022,,,,,,,,,,,,,,,,,,,,,,,,,,,,,
1468,34117,2022,,,,,,,,,,,,,,,,,,,,,,,,,,,,,
1469,19635,2022,,,,,,,,,,,,,,,,,,,,,,,,,,,,,
1470,28856,2022,,,,,,,,,,,,,,,,,,,,,,,,,,,,,
1471,22315,2022,,,,,,,,,,,,,,,,,,,,,,,,,,,,,
1472,13916,2022,,,,,,,,,,,,,,,,,,,,,,,,,,,,,
1473,12048,2022,,,,,,,,,,,,,,,,,,,,,,,,,,,,,
1474,10327,2022,,,,,,,,,,,,,,,,,,,,,,,,,,,,,
1475,26738,2022,,,,,,,,,,,,,,,,,,,,,,,,,,,,,
1476,11966,2022,,,,,,,,,,,,,,,,,,,,,,,,,,,,,
1477,10660,2022,,,,,,,,,,,,,,,,,,,,,,,,,,,,,
1478,11861,2022,,,,,,,,,,,,,,,,,,,,,,,,,,,,,
1479,39657,2022,,,,,,,,,,,,,,,,,,,,,,,,,,,,,
1480,39497,2022,,,,,,,,,,,,,,,,,,,,,,,,,,,,,
1481,11334,2022,,,,,,,,,,,,,,,,,,,,,,,,,,,,,
1482,13315,2022,,,,,,,,,,,,,,,,,,,,,,,,,,,,,
1483,26196,2022,,,,,,,,,,,,,,,,,,,,,,,,,,,,,
1484,38817,2022,,,,,,,,,,,,,,,,,,,,,,,,,,,,,
1485,10042,2022,,,,,,,,,,,,,,,,,,,,,,,,,,,,,
1486,11216,2022,,,,,,,,,,,,,,,,,,,,,,,,,,,,,
1487,36177,2022,,,,,,,,,,,,,,,,,,,,,,,,,,,,,
1488,45109,2022,,,,,,,,,,,,,,,,,,,,,,,,,,,,,
1489,12211,2022,,,,,,,,,,,,,,,,,,,,,,,,,,,,,
1490,20115,2022,,,,,,,,,,,,,,,,,,,,,,,,,,,,,
1491,20115,2022,,,,,,,,,,,,,,,,,,,,,,,,,,,,,
1492,20115,2022,,,,,,,,,,,,,,,,,,,,,,,,,,,,,
1493,12158,2022,,,,,,,,,,,,,,,,,,,,,,,,,,,,,
1494,11334,2022,,,,,,,,,,,,,,,,,,,,,,,,,,,,,
1495,27737,2022,,,,,,,,,,,,,,,,,,,,,,,,,,,,,
1496,33097,2022,,,,,,,,,,,,,,,,,,,,,,,,,,,,,
1497,37797,2022,,,,,,,,,,,,,,,,,,,,,,,,,,,,,
1498,30757,2022,,,,,,,,,,,,,,,,,,,,,,,,,,,,,
1499,30117,2022,,,,,,,,,,,,,,,,,,,,,,,,,,,,,
1500,12042,2022,,,,,,,,,,,,,,,,,,,,,,,,,,,,,
1501,27956,2022,,,,,,,,,,,,,,,,,,,,,,,,,,,,,
1502,28796,2022,,,,,,,,,,,,,,,,,,,,,,,,,,,,,
1503,13531,2022,,,,,,,,,,,,,,,,,,,,,,,,,,,,,
1504,13531,2022,,,,,,,,,,,,,,,,,,,,,,,,,,,,,
1505,33157,2022,,,,,,,,,,,,,,,,,,,,,,,,,,,,,
1506,28296,2022,,,,,,,,,,,,,,,,,,,,,,,,,,,,,
1507,10961,2022,,,,,,,,,,,,,,,,,,,,,,,,,,,,,
1508,13177,2022,,,,,,,,,,,,,,,,,,,,,,,,,,,,,
1509,11737,2022,,,,,,,,,,,,,,,,,,,,,,,,,,,,,
1510,10971,2022,,,,,,,,,,,,,,,,,,,,,,,,,,,,,
1511,11640,2022,,,,,,,,,,,,,,,,,,,,,,,,,,,,,
1512,25896,2022,,,,,,,,,,,,,,,,,,,,,,,,,,,,,
1513,32877,2022,,,,,,,,,,,,,,,,,,,,,,,,,,,,,
1514,12108,2022,,,,,,,,,,,,,,,,,,,,,,,,,,,,,
1515,13739,2022,,,,,,,,,,,,,,,,,,,,,,,,,,,,,
1516,12192,2022,,,,,,,,,,,,,,,,,,,,,,,,,,,,,
1517,45120,2022,,,,,,,,,,,,,,,,,,,,,,,,,,,,,
1518,12080,2022,,,,,,,,,,,,,,,,,,,,,,,,,,,,,
1519,23695,2022,,,,,,,,,,,,,,,,,,,,,,,,,,,,,
1520,11326,2022,,,,,,,,,,,,,,,,,,,,,,,,,,,,,
1521,38577,2022,,,,,,,,,,,,,,,,,,,,,,,,,,,,,
1522,18657,2022,,,,,,,,,,,,,,,,,,,,,,,,,,,,,
1523,12705,2022,,,,,,,,,,,,,,,,,,,,,,,,,,,,,
1524,30997,2022,,,,,,,,,,,,,,,,,,,,,,,,,,,,,
1525,31117,2022,,,,,,,,,,,,,,,,,,,,,,,,,,,,,
1526,15236,2022,,,,,,,,,,,,,,,,,,,,,,,,,,,,,
1527,11317,2022,,,,,,,,,,,,,,,,,,,,,,,,,,,,,
1528,12539,2022,,,,,,,,,,,,,,,,,,,,,,,,,,,,,
1529,11273,2022,,,,,,,,,,,,,,,,,,,,,,,,,,,,,
1530,45062,2022,,,,,,,,,,,,,,,,,,,,,,,,,,,,,
1531,14676,2022,,,,,,,,,,,,,,,,,,,,,,,,,,,,,
1532,28096,2022,,,,,,,,,,,,,,,,,,,,,,,,,,,,,
1533,26155,2022,,,,,,,,,,,,,,,,,,,,,,,,,,,,,
1534,28316,2022,,,,,,,,,,,,,,,,,,,,,,,,,,,,,
1535,13000,2022,,,,,,,,,,,,,,,,,,,,,,,,,,,,,
1536,11811,2022,,,,,,,,,,,,,,,,,,,,,,,,,,,,,
1537,24456,2022,,,,,,,,,,,,,,,,,,,,,,,,,,,,,
1538,30417,2022,,,,,,,,,,,,,,,,,,,,,,,,,,,,,
1539,10838,2022,,,,,,,,,,,,,,,,,,,,,,,,,,,,,
1540,20815,2022,,,,,,,,,,,,,,,,,,,,,,,,,,,,,
1541,12712,2022,,,,,,,,,,,,,,,,,,,,,,,,,,,,,
1542,32237,2022,,,,,,,,,,,,,,,,,,,,,,,,,,,,,
1543,45092,2022,,,,,,,,,,,,,,,,,,,,,,,,,,,,,
1544,11939,2022,,,,,,,,,,,,,,,,,,,,,,,,,,,,,
1545,11939,2022,,,,,,,,,,,,,,,,,,,,,,,,,,,,,
1546,13724,2022,,,,,,,,,,,,,,,,,,,,,,,,,,,,,
1547,35337,2022,,,,,,,,,,,,,,,,,,,,,,,,,,,,,
1548,11329,2022,,,,,,,,,,,,,,,,,,,,,,,,,,,,,
1549,40037,2022,,,,,,,,,,,,,,,,,,,,,,,,,,,,,
1550,45125,2022,,,,,,,,,,,,,,,,,,,,,,,,,,,,,
1551,45126,2022,,,,,,,,,,,,,,,,,,,,,,,,,,,,,
1552,29356,2022,,,,,,,,,,,,,,,,,,,,,,,,,,,,,
1553,29356,2022,,,,,,,,,,,,,,,,,,,,,,,,,,,,,
1554,12154,2022,,,,,,,,,,,,,,,,,,,,,,,,,,,,,
1555,45008,2022,,,,,,,,,,,,,,,,,,,,,,,,,,,,,
1556,36197,2022,,,,,,,,,,,,,,,,,,,,,,,,,,,,,
1557,13128,2022,,,,,,,,,,,,,,,,,,,,,,,,,,,,,
1558,11718,2022,,,,,,,,,,,,,,,,,,,,,,,,,,,,,
1559,11959,2022,,,,,,,,,,,,,,,,,,,,,,,,,,,,,
1560,12959,2022,,,,,,,,,,,,,,,,,,,,,,,,,,,,,
1561,10173,2022,,,,,,,,,,,,,,,,,,,,,,,,,,,,,
1562,27476,2022,,,,,,,,,,,,,,,,,,,,,,,,,,,,,
1563,13291,2022,,,,,,,,,,,,,,,,,,,,,,,,,,,,,
1564,13291,2022,,,,,,,,,,,,,,,,,,,,,,,,,,,,,
1565,11605,2022,,,,,,,,,,,,,,,,,,,,,,,,,,,,,
1566,27436,2022,,,,,,,,,,,,,,,,,,,,,,,,,,,,,
1567,13032,2022,,,,,,,,,,,,,,,,,,,,,,,,,,,,,
1568,10276,2022,,,,,,,,,,,,,,,,,,,,,,,,,,,,,
1569,19915,2022,,,,,,,,,,,,,,,,,,,,,,,,,,,,,
1570,25736,2022,,,,,,,,,,,,,,,,,,,,,,,,,,,,,
1571,12177,2022,,,,,,,,,,,,,,,,,,,,,,,,,,,,,
1572,15456,2022,,,,,,,,,,,,,,,,,,,,,,,,,,,,,
1573,23375,2022,,,,,,,,,,,,,,,,,,,,,,,,,,,,,
1574,13946,2022,,,,,,,,,,,,,,,,,,,,,,,,,,,,,
1575,31837,2022,,,,,,,,,,,,,,,,,,,,,,,,,,,,,
1576,38297,2022,,,,,,,,,,,,,,,,,,,,,,,,,,,,,
1577,15375,2022,,,,,,,,,,,,,,,,,,,,,,,,,,,,,
1578,12542,2022,,,,,,,,,,,,,,,,,,,,,,,,,,,,,
1579,35318,2022,,,,,,,,,,,,,,,,,,,,,,,,,,,,,
1580,36017,2022,,,,,,,,,,,,,,,,,,,,,,,,,,,,,
1581,13936,2022,,,,,,,,,,,,,,,,,,,,,,,,,,,,,
1582,13915,2022,,,,,,,,,,,,,,,,,,,,,,,,,,,,,
1583,13865,2022,,,,,,,,,,,,,,,,,,,,,,,,,,,,,
1584,13890,2022,,,,,,,,,,,,,,,,,,,,,,,,,,,,,
1585,34297,2022,,,,,,,,,,,,,,,,,,,,,,,,,,,,,
1586,10061,2022,,,,,,,,,,,,,,,,,,,,,,,,,,,,,
1587,11596,2022,,,,,,,,,,,,,,,,,,,,,,,,,,,,,
1588,12278,2022,,,,,,,,,,,,,,,,,,,,,,,,,,,,,
1589,28896,2022,,,,,,,,,,,,,,,,,,,,,,,,,,,,,
1590,40017,2022,,,,,,,,,,,,,,,,,,,,,,,,,,,,,
1591,45046,2022,,,,,,,,,,,,,,,,,,,,,,,,,,,,,
1592,12743,2022,,,,,,,,,,,,,,,,,,,,,,,,,,,,,
1593,32697,2022,,,,,,,,,,,,,,,,,,,,,,,,,,,,,
1594,30537,2022,,,,,,,,,,,,,,,,,,,,,,,,,,,,,
1595,30056,2022,,,,,,,,,,,,,,,,,,,,,,,,,,,,,
1596,12222,2022,,,,,,,,,,,,,,,,,,,,,,,,,,,,,
1597,13708,2022,,,,,,,,,,,,,,,,,,,,,,,,,,,,,
1598,10825,2022,,,,,,,,,,,,,,,,,,,,,,,,,,,,,
1599,11263,2022,,,,,,,,,,,,,,,,,,,,,,,,,,,,,
1600,37577,2022,,,,,,,,,,,,,,,,,,,,,,,,,,,,,
1601,10736,2022,,,,,,,,,,,,,,,,,,,,,,,,,,,,,
1602,13290,2022,,,,,,,,,,,,,,,,,,,,,,,,,,,,,
1603,11525,2022,,,,,,,,,,,,,,,,,,,,,,,,,,,,,
1604,15135,2022,,,,,,,,,,,,,,,,,,,,,,,,,,,,,
1605,31217,2022,,,,,,,,,,,,,,,,,,,,,,,,,,,,,
1606,11486,2022,,,,,,,,,,,,,,,,,,,,,,,,,,,,,
1607,19015,2022,,,,,,,,,,,,,,,,,,,,,,,,,,,,,
1608,11649,2022,,,,,,,,,,,,,,,,,,,,,,,,,,,,,
1609,12965,2022,,,,,,,,,,,,,,,,,,,,,,,,,,,,,
1610,12965,2022,,,,,,,,,,,,,,,,,,,,,,,,,,,,,
1611,12629,2022,,,,,,,,,,,,,,,,,,,,,,,,,,,,,
1612,12377,2022,,,,,,,,,,,,,,,,,,,,,,,,,,,,,
1613,10574,2022,,,,,,,,,,,,,,,,,,,,,,,,,,,,,
1614,15956,2022,,,,,,,,,,,,,,,,,,,,,,,,,,,,,
1615,10417,2022,,,,,,,,,,,,,,,,,,,,,,,,,,,,,
1616,10735,2022,,,,,,,,,,,,,,,,,,,,,,,,,,,,,
1617,19519,2022,,,,,,,,,,,,,,,,,,,,,,,,,,,,,
1618,11496,2022,,,,,,,,,,,,,,,,,,,,,,,,,,,,,
1619,10974,2022,False,,1,1-10,1-10,endelig #,NORDLAND,18.0,2022-07-03T00:48:49+02:00,2022-06-01T11:00:00+02:00,,{803F9AC1-42F9-48EB-9118-5AA0A173CA6A},2022-07-03T00:49:43+02:00,2340.0,STORE BUKKØY N,1834.0,88359.0,2586.0,"10 stk. garn à 100m, str. 2000-8000, omfar 70mm settes ut i anlegget.  ",True,1.0,5.06,5.06,Laks,Del 2,KLARERT,SALTVANN,Salt,22.0
1620,36099,2022,,,,,,,,,,,,,,,,,,,,,,,,,,,,,
1621,10839,2022,,,,,,,,,,,,,,,,,,,,,,,,,,,,,
1622,10281,2022,,,,,,,,,,,,,,,,,,,,,,,,,,,,,
1623,10789,2022,,,,,,,,,,,,,,,,,,,,,,,,,,,,,
1624,12986,2022,,,,,,,,,,,,,,,,,,,,,,,,,,,,,
1625,30217,2022,,,,,,,,,,,,,,,,,,,,,,,,,,,,,
1626,10741,2022,,,,,,,,,,,,,,,,,,,,,,,,,,,,,
1627,10741,2022,,,,,,,,,,,,,,,,,,,,,,,,,,,,,
1628,11426,2022,,,,,,,,,,,,,,,,,,,,,,,,,,,,,
1629,11700,2022,,,,,,,,,,,,,,,,,,,,,,,,,,,,,
1630,11971,2022,,,,,,,,,,,,,,,,,,,,,,,,,,,,,
1631,13206,2022,,,,,,,,,,,,,,,,,,,,,,,,,,,,,
1632,13842,2022,,,,,,,,,,,,,,,,,,,,,,,,,,,,,
1633,13568,2022,,,,,,,,,,,,,,,,,,,,,,,,,,,,,
1634,35817,2022,,,,,,,,,,,,,,,,,,,,,,,,,,,,,
1635,11492,2022,,,,,,,,,,,,,,,,,,,,,,,,,,,,,
1636,13593,2022,,,,,,,,,,,,,,,,,,,,,,,,,,,,,
1637,12430,2022,,,,,,,,,,,,,,,,,,,,,,,,,,,,,
1638,24535,2022,,,,,,,,,,,,,,,,,,,,,,,,,,,,,
1639,10311,2022,,,,,,,,,,,,,,,,,,,,,,,,,,,,,
1640,11290,2022,,,,,,,,,,,,,,,,,,,,,,,,,,,,,
1641,12773,2022,,,,,,,,,,,,,,,,,,,,,,,,,,,,,
1642,20776,2022,,,,,,,,,,,,,,,,,,,,,,,,,,,,,
1643,13011,2022,,,,,,,,,,,,,,,,,,,,,,,,,,,,,
1644,11298,2022,,,,,,,,,,,,,,,,,,,,,,,,,,,,,
1645,11301,2022,,,,,,,,,,,,,,,,,,,,,,,,,,,,,
1646,13583,2022,,,,,,,,,,,,,,,,,,,,,,,,,,,,,
1647,38017,2022,,,,,,,,,,,,,,,,,,,,,,,,,,,,,
1648,31338,2022,,,,,,,,,,,,,,,,,,,,,,,,,,,,,
1649,19016,2022,,,,,,,,,,,,,,,,,,,,,,,,,,,,,
1650,13566,2022,,,,,,,,,,,,,,,,,,,,,,,,,,,,,
1651,23315,2022,,,,,,,,,,,,,,,,,,,,,,,,,,,,,
1652,13124,2022,,,,,,,,,,,,,,,,,,,,,,,,,,,,,
1653,10875,2022,,,,,,,,,,,,,,,,,,,,,,,,,,,,,
1654,10231,2022,,,,,,,,,,,,,,,,,,,,,,,,,,,,,
1655,13316,2022,,,,,,,,,,,,,,,,,,,,,,,,,,,,,
1656,12434,2022,,,,,,,,,,,,,,,,,,,,,,,,,,,,,
1657,13125,2022,,,,,,,,,,,,,,,,,,,,,,,,,,,,,
1658,15461,2022,,,,,,,,,,,,,,,,,,,,,,,,,,,,,
1659,21517,2022,,,,,,,,,,,,,,,,,,,,,,,,,,,,,
1660,22335,2022,,,,,,,,,,,,,,,,,,,,,,,,,,,,,
1661,10552,2022,,,,,,,,,,,,,,,,,,,,,,,,,,,,,
1662,32397,2022,,,,,,,,,,,,,,,,,,,,,,,,,,,,,
1663,13944,2022,,,,,,,,,,,,,,,,,,,,,,,,,,,,,
1664,23055,2022,,,,,,,,,,,,,,,,,,,,,,,,,,,,,
1665,10421,2022,,,,,,,,,,,,,,,,,,,,,,,,,,,,,
1666,21955,2022,,,,,,,,,,,,,,,,,,,,,,,,,,,,,
1667,11858,2022,,,,,,,,,,,,,,,,,,,,,,,,,,,,,
1668,13175,2022,,,,,,,,,,,,,,,,,,,,,,,,,,,,,
1669,13892,2022,,,,,,,,,,,,,,,,,,,,,,,,,,,,,
1670,10753,2022,,,,,,,,,,,,,,,,,,,,,,,,,,,,,
1671,36897,2022,,,,,,,,,,,,,,,,,,,,,,,,,,,,,
1672,12081,2022,,,,,,,,,,,,,,,,,,,,,,,,,,,,,
1673,22435,2022,,,,,,,,,,,,,,,,,,,,,,,,,,,,,
1674,11175,2022,,,,,,,,,,,,,,,,,,,,,,,,,,,,,
1675,11648,2022,,,,,,,,,,,,,,,,,,,,,,,,,,,,,
1676,11341,2022,,,,,,,,,,,,,,,,,,,,,,,,,,,,,
1677,11341,2022,,,,,,,,,,,,,,,,,,,,,,,,,,,,,
1678,26235,2022,,,,,,,,,,,,,,,,,,,,,,,,,,,,,
1679,11552,2022,,,,,,,,,,,,,,,,,,,,,,,,,,,,,
1680,11206,2022,,,,,,,,,,,,,,,,,,,,,,,,,,,,,
1681,36100,2022,,,,,,,,,,,,,,,,,,,,,,,,,,,,,
1682,12075,2022,,,,,,,,,,,,,,,,,,,,,,,,,,,,,
1683,19396,2022,,,,,,,,,,,,,,,,,,,,,,,,,,,,,
1684,29316,2022,,,,,,,,,,,,,,,,,,,,,,,,,,,,,
1685,29376,2022,,,,,,,,,,,,,,,,,,,,,,,,,,,,,
1686,23735,2022,,,,,,,,,,,,,,,,,,,,,,,,,,,,,
1687,12672,2022,,,,,,,,,,,,,,,,,,,,,,,,,,,,,
1688,39717,2022,,,,,,,,,,,,,,,,,,,,,,,,,,,,,
1689,39617,2022,,,,,,,,,,,,,,,,,,,,,,,,,,,,,
1690,10798,2022,,,,,,,,,,,,,,,,,,,,,,,,,,,,,
1691,45000,2022,,,,,,,,,,,,,,,,,,,,,,,,,,,,,
1692,11312,2022,,,,,,,,,,,,,,,,,,,,,,,,,,,,,
1693,31817,2022,,,,,,,,,,,,,,,,,,,,,,,,,,,,,
1694,12074,2022,,,,,,,,,,,,,,,,,,,,,,,,,,,,,
1695,13091,2022,,,,,,,,,,,,,,,,,,,,,,,,,,,,,
1696,12865,2022,,,,,,,,,,,,,,,,,,,,,,,,,,,,,
1697,11776,2022,,,,,,,,,,,,,,,,,,,,,,,,,,,,,
1698,13727,2022,,,,,,,,,,,,,,,,,,,,,,,,,,,,,
1699,13173,2022,,,,,,,,,,,,,,,,,,,,,,,,,,,,,
1700,12522,2022,,,,,,,,,,,,,,,,,,,,,,,,,,,,,
1701,13895,2022,,,,,,,,,,,,,,,,,,,,,,,,,,,,,
1702,11960,2022,,,,,,,,,,,,,,,,,,,,,,,,,,,,,
1703,40118,2022,,,,,,,,,,,,,,,,,,,,,,,,,,,,,
1704,11813,2022,,,,,,,,,,,,,,,,,,,,,,,,,,,,,
1705,11144,2022,,,,,,,,,,,,,,,,,,,,,,,,,,,,,
1706,22955,2022,,,,,,,,,,,,,,,,,,,,,,,,,,,,,
1707,10545,2022,,,,,,,,,,,,,,,,,,,,,,,,,,,,,
1708,13196,2022,,,,,,,,,,,,,,,,,,,,,,,,,,,,,
1709,13032,2022,,,,,,,,,,,,,,,,,,,,,,,,,,,,,
1710,10309,2022,,,,,,,,,,,,,,,,,,,,,,,,,,,,,
1711,34438,2022,,,,,,,,,,,,,,,,,,,,,,,,,,,,,
1712,18355,2022,,,,,,,,,,,,,,,,,,,,,,,,,,,,,
1713,38697,2022,,,,,,,,,,,,,,,,,,,,,,,,,,,,,
1714,20577,2022,,,,,,,,,,,,,,,,,,,,,,,,,,,,,
1715,10582,2022,,,,,,,,,,,,,,,,,,,,,,,,,,,,,
1716,16165,2022,,,,,,,,,,,,,,,,,,,,,,,,,,,,,
1717,11961,2022,,,,,,,,,,,,,,,,,,,,,,,,,,,,,
1718,45141,2022,,,,,,,,,,,,,,,,,,,,,,,,,,,,,
1719,26575,2022,,,,,,,,,,,,,,,,,,,,,,,,,,,,,
1720,13057,2022,,,,,,,,,,,,,,,,,,,,,,,,,,,,,
1721,11566,2022,,,,,,,,,,,,,,,,,,,,,,,,,,,,,
1722,11832,2022,,,,,,,,,,,,,,,,,,,,,,,,,,,,,
1723,10491,2022,,,,,,,,,,,,,,,,,,,,,,,,,,,,,
1724,11194,2022,,,,,,,,,,,,,,,,,,,,,,,,,,,,,
1725,29776,2022,,,,,,,,,,,,,,,,,,,,,,,,,,,,,
1726,13575,2022,,,,,,,,,,,,,,,,,,,,,,,,,,,,,
1727,21755,2022,,,,,,,,,,,,,,,,,,,,,,,,,,,,,
1728,12449,2022,,,,,,,,,,,,,,,,,,,,,,,,,,,,,
1729,12729,2022,,,,,,,,,,,,,,,,,,,,,,,,,,,,,
1730,13644,2022,,,,,,,,,,,,,,,,,,,,,,,,,,,,,
1731,11494,2022,,,,,,,,,,,,,,,,,,,,,,,,,,,,,
1732,12268,2022,False,,10,1-10,1-10,endelig #,MØRE OG ROMSDAL,15.0,2022-07-03T00:48:49+02:00,2022-04-02T10:00:00+02:00,Vindkast.,{4C28AC18-9E52-4327-83BE-2586D98F18B4},2022-07-03T00:49:43+02:00,3120.0,TERNINGEN,1506.0,88333.0,2571.0,Gjenfangstgarn er satt ihht. beredskapsplan.,True,1.0,4.193,4.193,Laks,Del 2,KLARERT,SALTVANN,Salt,13.0
1733,12662,2022,,,,,,,,,,,,,,,,,,,,,,,,,,,,,
1734,15517,2022,,,,,,,,,,,,,,,,,,,,,,,,,,,,,
1735,22735,2022,,,,,,,,,,,,,,,,,,,,,,,,,,,,,
1736,25815,2022,,,,,,,,,,,,,,,,,,,,,,,,,,,,,
1737,28916,2022,,,,,,,,,,,,,,,,,,,,,,,,,,,,,
1738,20075,2022,,,,,,,,,,,,,,,,,,,,,,,,,,,,,
1739,29616,2022,,,,,,,,,,,,,,,,,,,,,,,,,,,,,
1740,45116,2022,,,,,,,,,,,,,,,,,,,,,,,,,,,,,
1741,31077,2022,,,,,,,,,,,,,,,,,,,,,,,,,,,,,
1742,10054,2022,,,,,,,,,,,,,,,,,,,,,,,,,,,,,
1743,11414,2022,,,,,,,,,,,,,,,,,,,,,,,,,,,,,
1744,10635,2022,,,,,,,,,,,,,,,,,,,,,,,,,,,,,
1745,17575,2022,,,,,,,,,,,,,,,,,,,,,,,,,,,,,
1746,13506,2022,,,,,,,,,,,,,,,,,,,,,,,,,,,,,
1747,45056,2022,,,,,,,,,,,,,,,,,,,,,,,,,,,,,
1748,26055,2022,,,,,,,,,,,,,,,,,,,,,,,,,,,,,
1749,26055,2022,,,,,,,,,,,,,,,,,,,,,,,,,,,,,
1750,26055,2022,,,,,,,,,,,,,,,,,,,,,,,,,,,,,
1751,30236,2022,,,,,,,,,,,,,,,,,,,,,,,,,,,,,
1752,30236,2022,,,,,,,,,,,,,,,,,,,,,,,,,,,,,
1753,30837,2022,,,,,,,,,,,,,,,,,,,,,,,,,,,,,
1754,12538,2022,,,,,,,,,,,,,,,,,,,,,,,,,,,,,
1755,30177,2022,,,,,,,,,,,,,,,,,,,,,,,,,,,,,
1756,12901,2022,,,,,,,,,,,,,,,,,,,,,,,,,,,,,
1757,12671,2022,,,,,,,,,,,,,,,,,,,,,,,,,,,,,
1758,12114,2022,,,,,,,,,,,,,,,,,,,,,,,,,,,,,
1759,31297,2022,,,,,,,,,,,,,,,,,,,,,,,,,,,,,
1760,12764,2022,,,,,,,,,,,,,,,,,,,,,,,,,,,,,
1761,13156,2022,,,,,,,,,,,,,,,,,,,,,,,,,,,,,
1762,13278,2022,,,,,,,,,,,,,,,,,,,,,,,,,,,,,
1763,33677,2022,,,,,,,,,,,,,,,,,,,,,,,,,,,,,
1764,13584,2022,,,,,,,,,,,,,,,,,,,,,,,,,,,,,
1765,34917,2022,,,,,,,,,,,,,,,,,,,,,,,,,,,,,
1766,31497,2022,,,,,,,,,,,,,,,,,,,,,,,,,,,,,
1767,14018,2022,,,,,,,,,,,,,,,,,,,,,,,,,,,,,
1768,29336,2022,,,,,,,,,,,,,,,,,,,,,,,,,,,,,
1769,30517,2022,,,,,,,,,,,,,,,,,,,,,,,,,,,,,
1770,32717,2022,,,,,,,,,,,,,,,,,,,,,,,,,,,,,
1771,10090,2022,,,,,,,,,,,,,,,,,,,,,,,,,,,,,
1772,10082,2022,,,,,,,,,,,,,,,,,,,,,,,,,,,,,
1773,11712,2022,,,,,,,,,,,,,,,,,,,,,,,,,,,,,
1774,17077,2022,,,,,,,,,,,,,,,,,,,,,,,,,,,,,
1775,32857,2022,,,,,,,,,,,,,,,,,,,,,,,,,,,,,
1776,30560,2022,,,,,,,,,,,,,,,,,,,,,,,,,,,,,
1777,13677,2022,,,,,,,,,,,,,,,,,,,,,,,,,,,,,
1778,13677,2022,,,,,,,,,,,,,,,,,,,,,,,,,,,,,
1779,37497,2022,,,,,,,,,,,,,,,,,,,,,,,,,,,,,
1780,11264,2022,,,,,,,,,,,,,,,,,,,,,,,,,,,,,
1781,13594,2022,,,,,,,,,,,,,,,,,,,,,,,,,,,,,
1782,11351,2022,,,,,,,,,,,,,,,,,,,,,,,,,,,,,
1783,24935,2022,,,,,,,,,,,,,,,,,,,,,,,,,,,,,
1784,10332,2022,,,,,,,,,,,,,,,,,,,,,,,,,,,,,
1785,11453,2022,,,,,,,,,,,,,,,,,,,,,,,,,,,,,
1786,13637,2022,,,,,,,,,,,,,,,,,,,,,,,,,,,,,
1787,12302,2022,,,,,,,,,,,,,,,,,,,,,,,,,,,,,
1788,10029,2022,,,,,,,,,,,,,,,,,,,,,,,,,,,,,
1789,10147,2022,,,,,,,,,,,,,,,,,,,,,,,,,,,,,
1790,15519,2022,,,,,,,,,,,,,,,,,,,,,,,,,,,,,
1791,10067,2022,,,,,,,,,,,,,,,,,,,,,,,,,,,,,
1792,25855,2022,,,,,,,,,,,,,,,,,,,,,,,,,,,,,
1793,10821,2022,,,,,,,,,,,,,,,,,,,,,,,,,,,,,
1794,45101,2022,,,,,,,,,,,,,,,,,,,,,,,,,,,,,
1795,12889,2022,,,,,,,,,,,,,,,,,,,,,,,,,,,,,
1796,14081,2022,,,,,,,,,,,,,,,,,,,,,,,,,,,,,
1797,10077,2022,False,,2,1-10,1-10,endelig #,VESTLAND,46.0,2022-07-03T00:48:49+02:00,2022-05-23T06:25:00+02:00,Håvlås som løser seg ut. Mister fisk i forbindelse med dette.,{D5B1C237-D2CC-4FCB-9F4F-35B1809F4413},2022-07-03T00:49:43+02:00,1000000.0,TVEITEVÅG,4627.0,88344.0,2582.0,"1 garn, 20 m langt, 4 m dypt.
Ikke foreløpig plan for opptrapping.",True,1.0,13.0,13.0,Laks,Del 2,KLARERT,FERSKVANN/SALTVANN,Mixed,21.0
1798,30717,2022,,,,,,,,,,,,,,,,,,,,,,,,,,,,,
1799,12077,2022,,,,,,,,,,,,,,,,,,,,,,,,,,,,,
1800,12428,2022,,,,,,,,,,,,,,,,,,,,,,,,,,,,,
1801,12778,2022,,,,,,,,,,,,,,,,,,,,,,,,,,,,,
1802,10335,2022,,,,,,,,,,,,,,,,,,,,,,,,,,,,,
1803,35857,2022,,,,,,,,,,,,,,,,,,,,,,,,,,,,,
1804,13562,2022,,,,,,,,,,,,,,,,,,,,,,,,,,,,,
1805,13120,2022,,,,,,,,,,,,,,,,,,,,,,,,,,,,,
1806,10570,2022,,,,,,,,,,,,,,,,,,,,,,,,,,,,,
1807,10726,2022,,,,,,,,,,,,,,,,,,,,,,,,,,,,,
1808,13570,2022,,,,,,,,,,,,,,,,,,,,,,,,,,,,,
1809,13720,2022,,,,,,,,,,,,,,,,,,,,,,,,,,,,,
1810,12102,2022,,,,,,,,,,,,,,,,,,,,,,,,,,,,,
1811,11475,2022,,,,,,,,,,,,,,,,,,,,,,,,,,,,,
1812,17860,2022,,,,,,,,,,,,,,,,,,,,,,,,,,,,,
1813,34737,2022,,,,,,,,,,,,,,,,,,,,,,,,,,,,,
1814,32437,2022,,,,,,,,,,,,,,,,,,,,,,,,,,,,,
1815,45058,2022,False,,1,1-10,1-10,endelig #,MØRE OG ROMSDAL,15.0,2022-07-03T00:48:49+02:00,2022-06-24T07:15:00+02:00,Rømling som sannsynligvis stammer fra hendelse på Overånest ifjor. Dette ble meldt inn og fulgt opp av Fdir.,{15635692-7EBA-41F2-B605-01E0FAB9EE43},2022-07-03T00:49:43+02:00,3900.0,URDANESET,1525.0,88356.0,2597.0,Stormasket gjenfangstgarn satt ut på lokaliteten for å sjekke om det er flere individer i området.,True,1.0,0.001,3.5,Regnbueørret,Del 2,KLARERT,SALTVANN,Salt,25.0
1816,12269,2022,,,,,,,,,,,,,,,,,,,,,,,,,,,,,
1817,32837,2022,,,,,,,,,,,,,,,,,,,,,,,,,,,,,
1818,11533,2022,,,,,,,,,,,,,,,,,,,,,,,,,,,,,
1819,24135,2022,,,,,,,,,,,,,,,,,,,,,,,,,,,,,
1820,10145,2022,,,,,,,,,,,,,,,,,,,,,,,,,,,,,
1821,14678,2022,,,,,,,,,,,,,,,,,,,,,,,,,,,,,
1822,40058,2022,,,,,,,,,,,,,,,,,,,,,,,,,,,,,
1823,40057,2022,,,,,,,,,,,,,,,,,,,,,,,,,,,,,
1824,35517,2022,,,,,,,,,,,,,,,,,,,,,,,,,,,,,
1825,13117,2022,,,,,,,,,,,,,,,,,,,,,,,,,,,,,
1826,22495,2022,,,,,,,,,,,,,,,,,,,,,,,,,,,,,
1827,24197,2022,,,,,,,,,,,,,,,,,,,,,,,,,,,,,
1828,11892,2022,,,,,,,,,,,,,,,,,,,,,,,,,,,,,
1829,11879,2022,,,,,,,,,,,,,,,,,,,,,,,,,,,,,
1830,10677,2022,,,,,,,,,,,,,,,,,,,,,,,,,,,,,
1831,45108,2022,,,,,,,,,,,,,,,,,,,,,,,,,,,,,
1832,10091,2022,,,,,,,,,,,,,,,,,,,,,,,,,,,,,
1833,45085,2022,,,,,,,,,,,,,,,,,,,,,,,,,,,,,
1834,10850,2022,,,,,,,,,,,,,,,,,,,,,,,,,,,,,
1835,19578,2022,,,,,,,,,,,,,,,,,,,,,,,,,,,,,
1836,27896,2022,,,,,,,,,,,,,,,,,,,,,,,,,,,,,
1837,31557,2022,,,,,,,,,,,,,,,,,,,,,,,,,,,,,
1838,12739,2022,,,,,,,,,,,,,,,,,,,,,,,,,,,,,
1839,12779,2022,,,,,,,,,,,,,,,,,,,,,,,,,,,,,
1840,13522,2022,,,,,,,,,,,,,,,,,,,,,,,,,,,,,
1841,38857,2022,,,,,,,,,,,,,,,,,,,,,,,,,,,,,
1842,35657,2022,,,,,,,,,,,,,,,,,,,,,,,,,,,,,
1843,36337,2022,,,,,,,,,,,,,,,,,,,,,,,,,,,,,
1844,36337,2022,,,,,,,,,,,,,,,,,,,,,,,,,,,,,
1845,10968,2022,,,,,,,,,,,,,,,,,,,,,,,,,,,,,
1846,10970,2022,,,,,,,,,,,,,,,,,,,,,,,,,,,,,
1847,36317,2022,,,,,,,,,,,,,,,,,,,,,,,,,,,,,
1848,45023,2022,,,,,,,,,,,,,,,,,,,,,,,,,,,,,
1849,12303,2022,,,,,,,,,,,,,,,,,,,,,,,,,,,,,
1850,13715,2022,,,,,,,,,,,,,,,,,,,,,,,,,,,,,
1851,15518,2022,,,,,,,,,,,,,,,,,,,,,,,,,,,,,
1852,13525,2022,,,,,,,,,,,,,,,,,,,,,,,,,,,,,
1853,11137,2022,,,,,,,,,,,,,,,,,,,,,,,,,,,,,
1854,37717,2022,,,,,,,,,,,,,,,,,,,,,,,,,,,,,
1855,17595,2022,,,,,,,,,,,,,,,,,,,,,,,,,,,,,
1856,18117,2022,,,,,,,,,,,,,,,,,,,,,,,,,,,,,
1857,11728,2022,,,,,,,,,,,,,,,,,,,,,,,,,,,,,
1858,13047,2022,,,,,,,,,,,,,,,,,,,,,,,,,,,,,
1859,10430,2022,,,,,,,,,,,,,,,,,,,,,,,,,,,,,
1860,10652,2022,,,,,,,,,,,,,,,,,,,,,,,,,,,,,
1861,12802,2022,,,,,,,,,,,,,,,,,,,,,,,,,,,,,
1862,12678,2022,,,,,,,,,,,,,,,,,,,,,,,,,,,,,
1863,10504,2022,,,,,,,,,,,,,,,,,,,,,,,,,,,,,
1864,11303,2022,,,,,,,,,,,,,,,,,,,,,,,,,,,,,
1865,10836,2022,,,,,,,,,,,,,,,,,,,,,,,,,,,,,
1866,45025,2022,,,,,,,,,,,,,,,,,,,,,,,,,,,,,
1867,32637,2022,,,,,,,,,,,,,,,,,,,,,,,,,,,,,
1868,32337,2022,,,,,,,,,,,,,,,,,,,,,,,,,,,,,
1869,10177,2022,,,,,,,,,,,,,,,,,,,,,,,,,,,,,
1870,12512,2022,,,,,,,,,,,,,,,,,,,,,,,,,,,,,
1871,35838,2022,,,,,,,,,,,,,,,,,,,,,,,,,,,,,
1872,13837,2022,False,,,1-10,1-10,estimert (MinSide) #,VESTLAND,46.0,2022-07-03T00:48:49+02:00,2022-01-12T00:00:00+01:00,Hendelsen skjedde under avlusingsoperasjon med tømming av not.,{EC3F0B1B-1973-4D0B-87D7-92A358ADF8CC},2022-07-03T00:48:54+02:00,3900.0,VERPEIDE,4602.0,88331.0,2551.0,Garn satt ut. ,True,0.0,2.2,2.2,Laks,Del 1 oppdatert,KLARERT,SALTVANN,Salt,2.0
1873,33497,2022,,,,,,,,,,,,,,,,,,,,,,,,,,,,,
1874,12670,2022,,,,,,,,,,,,,,,,,,,,,,,,,,,,,
1875,11385,2022,,,,,,,,,,,,,,,,,,,,,,,,,,,,,
1876,10191,2022,,,,,,,,,,,,,,,,,,,,,,,,,,,,,
1877,24096,2022,,,,,,,,,,,,,,,,,,,,,,,,,,,,,
1878,13120,2022,,,,,,,,,,,,,,,,,,,,,,,,,,,,,
1879,12223,2022,,,,,,,,,,,,,,,,,,,,,,,,,,,,,
1880,12885,2022,,,,,,,,,,,,,,,,,,,,,,,,,,,,,
1881,12670,2022,,,,,,,,,,,,,,,,,,,,,,,,,,,,,
1882,13704,2022,,,,,,,,,,,,,,,,,,,,,,,,,,,,,
1883,27315,2022,,,,,,,,,,,,,,,,,,,,,,,,,,,,,
1884,12595,2022,,,,,,,,,,,,,,,,,,,,,,,,,,,,,
1885,39097,2022,,,,,,,,,,,,,,,,,,,,,,,,,,,,,
1886,45059,2022,,,,,,,,,,,,,,,,,,,,,,,,,,,,,
1887,13652,2022,,,,,,,,,,,,,,,,,,,,,,,,,,,,,
1888,36717,2022,,,,,,,,,,,,,,,,,,,,,,,,,,,,,
1889,11252,2022,,,,,,,,,,,,,,,,,,,,,,,,,,,,,
1890,12839,2022,,,,,,,,,,,,,,,,,,,,,,,,,,,,,
1891,13226,2022,,,,,,,,,,,,,,,,,,,,,,,,,,,,,
1892,19235,2022,,,,,,,,,,,,,,,,,,,,,,,,,,,,,
1893,11315,2022,,,,,,,,,,,,,,,,,,,,,,,,,,,,,
1894,10834,2022,,,,,,,,,,,,,,,,,,,,,,,,,,,,,
1895,10616,2022,,,,,,,,,,,,,,,,,,,,,,,,,,,,,
1896,39737,2022,,,,,,,,,,,,,,,,,,,,,,,,,,,,,
1897,11925,2022,,,,,,,,,,,,,,,,,,,,,,,,,,,,,
1898,13246,2022,,,,,,,,,,,,,,,,,,,,,,,,,,,,,
1899,12334,2022,,,,,,,,,,,,,,,,,,,,,,,,,,,,,
1900,45135,2022,,,,,,,,,,,,,,,,,,,,,,,,,,,,,
1901,13571,2022,,,,,,,,,,,,,,,,,,,,,,,,,,,,,
1902,36237,2022,,,,,,,,,,,,,,,,,,,,,,,,,,,,,
1903,45083,2022,,,,,,,,,,,,,,,,,,,,,,,,,,,,,
1904,10587,2022,,,,,,,,,,,,,,,,,,,,,,,,,,,,,
1905,17495,2022,,,,,,,,,,,,,,,,,,,,,,,,,,,,,
1906,29936,2022,,,,,,,,,,,,,,,,,,,,,,,,,,,,,
1907,13306,2022,,,,,,,,,,,,,,,,,,,,,,,,,,,,,
1908,45003,2022,,,,,,,,,,,,,,,,,,,,,,,,,,,,,
1909,45142,2022,,,,,,,,,,,,,,,,,,,,,,,,,,,,,
1910,39777,2022,,,,,,,,,,,,,,,,,,,,,,,,,,,,,
1911,13016,2022,,,,,,,,,,,,,,,,,,,,,,,,,,,,,
1912,24155,2022,,,,,,,,,,,,,,,,,,,,,,,,,,,,,
1913,32617,2022,,,,,,,,,,,,,,,,,,,,,,,,,,,,,
1914,24175,2022,,,,,,,,,,,,,,,,,,,,,,,,,,,,,
1915,10805,2022,,,,,,,,,,,,,,,,,,,,,,,,,,,,,
1916,20176,2022,,,,,,,,,,,,,,,,,,,,,,,,,,,,,
1917,11338,2022,,,,,,,,,,,,,,,,,,,,,,,,,,,,,
1918,29417,2022,,,,,,,,,,,,,,,,,,,,,,,,,,,,,
1919,45032,2022,,,,,,,,,,,,,,,,,,,,,,,,,,,,,
